FactId,FACTName,BussinessApp,VeracodeApp,VeracodeTEAMSName,SonarAppName,Technology,GitRepo,DeploymentType,ENV_Props_Folder,Environment,JobType,ArtifactoryUploadPath,GitBranch,server,credential
FACT0804,EAS1,TFS-Mule-APIs-Connected-Analytics-Services  ,Not required,Not required,,Mulesoft,https://github.tfs.toyota.com/EAS-Channel-Access-Services/TFS-Mule-APIs-Connected-Analytics-Services  .git,Jar,Dev,Dev,BUILD_DEPLOY,https://artifactory.tfs.toyota.com/artifactory/easc-maven-prod-local/artifacts/connected-analytics-services.jar,,AnyPoint,srv_easc_app
FACT0804,EAS1,TFS-Mule-APIs-Dealer-Lending-Services-1  ,Not required,Not required,,Mulesoft,https://github.tfs.toyota.com/EAS-Channel-Access-Services/TFS-Mule-APIs-Dealer-Lending-Services-1  .git,Jar,,Dev,BUILD_DEPLOY,https://artifactory.tfs.toyota.com/artifactory/easc-maven-prod-local/artifacts/dealer-lending-services-1.jar,,AnyPoint,srv_easc_app
FACT0804,EAS1,TFS-Mule-APIs-Insurance-Next-Services  ,Not required,Not required,,Mulesoft,https://github.tfs.toyota.com/EAS-Channel-Access-Services/TFS-Mule-APIs-Insurance-Next-Services  .git,Jar,,Dev,BUILD_DEPLOY,https://artifactory.tfs.toyota.com/artifactory/easc-maven-prod-local/artifacts/insurance-next-services.jar,,AnyPoint,srv_easc_app
FACT0804,EAS1,TFS-Mule-APIs-MazdaAPIservices  ,Not required,Not required,,Mulesoft,https://github.tfs.toyota.com/EAS-Channel-Access-Services/TFS-Mule-APIs-MazdaAPIservices  .git,Jar,,Dev,BUILD_DEPLOY,https://artifactory.tfs.toyota.com/artifactory/easc-maven-prod-local/artifacts/mazdaapiservices.jar,,AnyPoint,srv_easc_app
FACT0804,EAS1,TFS-Mule-APIs-Salesforce-API-Services  ,Not required,Not required,,Mulesoft,https://github.tfs.toyota.com/EAS-Channel-Access-Services/TFS-Mule-APIs-Salesforce-API-Services  .git,Jar,,Dev,BUILD_DEPLOY,https://artifactory.tfs.toyota.com/artifactory/easc-maven-prod-local/artifacts/salesforce-api-services.jar,,AnyPoint,srv_easc_app
FACT0804,EAS1,TFS-Mule-APIs-STA-TitleManagement-API-Services  ,Not required,Not required,,Mulesoft,https://github.tfs.toyota.com/EAS-Channel-Access-Services/TFS-Mule-APIs-STA-TitleManagement-API-Services  .git,Jar,,Dev,BUILD_DEPLOY,https://artifactory.tfs.toyota.com/artifactory/easc-maven-prod-local/artifacts/sta-titlemanagement-api-services.jar,,AnyPoint,srv_easc_app
FACT0804,EAS1,TFS-Mule-APIs-UMVM-Vehicle-Attributes  ,Not required,Not required,,Mulesoft,https://github.tfs.toyota.com/EAS-Channel-Access-Services/TFS-Mule-APIs-UMVM-Vehicle-Attributes  .git,Jar,,Dev,BUILD_DEPLOY,https://artifactory.tfs.toyota.com/artifactory/easc-maven-prod-local/artifacts/umvm-vehicle-attributes.jar,,AnyPoint,srv_easc_app
FACT0804,EAS1,TFS-MuleAPI-TFSB-CenlarService  ,Not required,Not required,,Mulesoft,https://github.tfs.toyota.com/EAS-Channel-Access-Services/TFS-MuleAPI-TFSB-CenlarService  .git,Jar,,Dev,BUILD_DEPLOY,https://artifactory.tfs.toyota.com/artifactory/easc-maven-prod-local/artifacts/cenlarservice.jar,,AnyPoint,srv_easc_app
FACT0804,EAS1,TFS-MuleAPIs-700Credit-Services-Proxy  ,Not required,Not required,,Mulesoft,https://github.tfs.toyota.com/EAS-Channel-Access-Services/TFS-MuleAPIs-700Credit-Services-Proxy  .git,Jar,,Dev,BUILD_DEPLOY,https://artifactory.tfs.toyota.com/artifactory/easc-maven-prod-local/artifacts/services-proxy.jar,,AnyPoint,srv_easc_app
FACT0804,EAS1,TFS-MuleAPIs-Address-Cleansing  ,Not required,Not required,,Mulesoft,https://github.tfs.toyota.com/EAS-Channel-Access-Services/TFS-MuleAPIs-Address-Cleansing  .git,Jar,,Dev,BUILD_DEPLOY,https://artifactory.tfs.toyota.com/artifactory/easc-maven-prod-local/artifacts/cleansing.jar,,AnyPoint,srv_easc_app
FACT0804,EAS1,TFS-MuleAPIs-Address-Cleansing-Proxy  ,Not required,Not required,,Mulesoft,https://github.tfs.toyota.com/EAS-Channel-Access-Services/TFS-MuleAPIs-Address-Cleansing-Proxy  .git,Jar,,Dev,BUILD_DEPLOY,https://artifactory.tfs.toyota.com/artifactory/easc-maven-prod-local/artifacts/cleansing-proxy.jar,,AnyPoint,srv_easc_app
FACT0804,EAS1,TFS-MuleAPIs-AdobeDocumentServicesAPI  ,Not required,Not required,,Mulesoft,https://github.tfs.toyota.com/EAS-Channel-Access-Services/TFS-MuleAPIs-AdobeDocumentServicesAPI  .git,Jar,,Dev,BUILD_DEPLOY,https://artifactory.tfs.toyota.com/artifactory/easc-maven-prod-local/artifacts/.jar,,AnyPoint,srv_easc_app
FACT0804,EAS1,TFS-MuleAPIs-AdobeDocumentServicesProxy  ,Not required,Not required,,Mulesoft,https://github.tfs.toyota.com/EAS-Channel-Access-Services/TFS-MuleAPIs-AdobeDocumentServicesProxy  .git,Jar,,Dev,BUILD_DEPLOY,https://artifactory.tfs.toyota.com/artifactory/easc-maven-prod-local/artifacts/.jar,,AnyPoint,srv_easc_app
FACT0804,EAS1,TFS-MuleAPIs-Adobeforms-service  ,Not required,Not required,,Mulesoft,https://github.tfs.toyota.com/EAS-Channel-Access-Services/TFS-MuleAPIs-Adobeforms-service  .git,Jar,,Dev,BUILD_DEPLOY,https://artifactory.tfs.toyota.com/artifactory/easc-maven-prod-local/artifacts/service.jar,,AnyPoint,srv_easc_app
FACT0804,EAS1,TFS-MuleAPIs-AEMProducts  ,Not required,Not required,,Mulesoft,https://github.tfs.toyota.com/EAS-Channel-Access-Services/TFS-MuleAPIs-AEMProducts  .git,Jar,,Dev,BUILD_DEPLOY,https://artifactory.tfs.toyota.com/artifactory/easc-maven-prod-local/artifacts/.jar,,AnyPoint,srv_easc_app
FACT0804,EAS1,TFS-MuleAPIs-ALM-DealerDirect-Services  ,Not required,Not required,,Mulesoft,https://github.tfs.toyota.com/EAS-Channel-Access-Services/TFS-MuleAPIs-ALM-DealerDirect-Services  .git,Jar,,Dev,BUILD_DEPLOY,https://artifactory.tfs.toyota.com/artifactory/easc-maven-prod-local/artifacts/dealerdirect-services.jar,,AnyPoint,srv_easc_app
FACT0804,EAS1,TFS-MuleAPIs-API-Analytics  ,Not required,Not required,,Mulesoft,https://github.tfs.toyota.com/EAS-Channel-Access-Services/TFS-MuleAPIs-API-Analytics  .git,Jar,,Dev,BUILD_DEPLOY,https://artifactory.tfs.toyota.com/artifactory/easc-maven-prod-local/artifacts/analytics.jar,,AnyPoint,srv_easc_app
FACT0804,EAS1,TFS-MuleAPIs-API-CustomerDeals  ,Not required,Not required,,Mulesoft,https://github.tfs.toyota.com/EAS-Channel-Access-Services/TFS-MuleAPIs-API-CustomerDeals  .git,Jar,,Dev,BUILD_DEPLOY,https://artifactory.tfs.toyota.com/artifactory/easc-maven-prod-local/artifacts/customerdeals.jar,,AnyPoint,srv_easc_app
FACT0804,EAS1,TFS-MuleAPIs-API-SFDCAuthentication  ,Not required,Not required,,Mulesoft,https://github.tfs.toyota.com/EAS-Channel-Access-Services/TFS-MuleAPIs-API-SFDCAuthentication  .git,Jar,,Dev,BUILD_DEPLOY,https://artifactory.tfs.toyota.com/artifactory/easc-maven-prod-local/artifacts/sfdcauthentication.jar,,AnyPoint,srv_easc_app
FACT0804,EAS1,TFS-MuleAPIs-APIGW-OAuth-Router  ,Not required,Not required,,Mulesoft,https://github.tfs.toyota.com/EAS-Channel-Access-Services/TFS-MuleAPIs-APIGW-OAuth-Router  .git,Jar,,Dev,BUILD_DEPLOY,https://artifactory.tfs.toyota.com/artifactory/easc-maven-prod-local/artifacts/oauth-router.jar,,AnyPoint,srv_easc_app
FACT0804,EAS1,TFS-MuleAPIs-APIGW-Router  ,Not required,Not required,,Mulesoft,https://github.tfs.toyota.com/EAS-Channel-Access-Services/TFS-MuleAPIs-APIGW-Router  .git,Jar,,Dev,BUILD_DEPLOY,https://artifactory.tfs.toyota.com/artifactory/easc-maven-prod-local/artifacts/router.jar,,AnyPoint,srv_easc_app
FACT0804,EAS1,TFS-MuleAPIs-ASPInspectionServices  ,Not required,Not required,,Mulesoft,https://github.tfs.toyota.com/EAS-Channel-Access-Services/TFS-MuleAPIs-ASPInspectionServices  .git,Jar,,Dev,BUILD_DEPLOY,https://artifactory.tfs.toyota.com/artifactory/easc-maven-prod-local/artifacts/.jar,,AnyPoint,srv_easc_app
FACT0804,EAS1,TFS-MuleAPIs-ASPInspectionServices-Proxy  ,Not required,Not required,,Mulesoft,https://github.tfs.toyota.com/EAS-Channel-Access-Services/TFS-MuleAPIs-ASPInspectionServices-Proxy  .git,Jar,,Dev,BUILD_DEPLOY,https://artifactory.tfs.toyota.com/artifactory/easc-maven-prod-local/artifacts/proxy.jar,,AnyPoint,srv_easc_app
FACT0804,EAS1,TFS-MuleAPIs-ASPmLogic-Services  ,Not required,Not required,,Mulesoft,https://github.tfs.toyota.com/EAS-Channel-Access-Services/TFS-MuleAPIs-ASPmLogic-Services  .git,Jar,,Dev,BUILD_DEPLOY,https://artifactory.tfs.toyota.com/artifactory/easc-maven-prod-local/artifacts/services.jar,,AnyPoint,srv_easc_app
FACT0804,EAS1,TFS-MuleAPIs-ASPrunbuggy-Services  ,Not required,Not required,,Mulesoft,https://github.tfs.toyota.com/EAS-Channel-Access-Services/TFS-MuleAPIs-ASPrunbuggy-Services  .git,Jar,,Dev,BUILD_DEPLOY,https://artifactory.tfs.toyota.com/artifactory/easc-maven-prod-local/artifacts/services.jar,,AnyPoint,srv_easc_app
FACT0804,EAS1,TFS-MuleAPIs-Asset-Management-Services  ,Not required,Not required,,Mulesoft,https://github.tfs.toyota.com/EAS-Channel-Access-Services/TFS-MuleAPIs-Asset-Management-Services  .git,Jar,,Dev,BUILD_DEPLOY,https://artifactory.tfs.toyota.com/artifactory/easc-maven-prod-local/artifacts/management-services.jar,,AnyPoint,srv_easc_app
FACT0804,EAS1,TFS-MuleAPIs-ATOM_MarketData-proxy  ,Not required,Not required,,Mulesoft,https://github.tfs.toyota.com/EAS-Channel-Access-Services/TFS-MuleAPIs-ATOM_MarketData-proxy  .git,Jar,,Dev,BUILD_DEPLOY,https://artifactory.tfs.toyota.com/artifactory/easc-maven-prod-local/artifacts/proxy.jar,,AnyPoint,srv_easc_app
FACT0804,EAS1,TFS-MuleAPIs-AuctionSalesPlatform  ,Not required,Not required,,Mulesoft,https://github.tfs.toyota.com/EAS-Channel-Access-Services/TFS-MuleAPIs-AuctionSalesPlatform  .git,Jar,,Dev,BUILD_DEPLOY,https://artifactory.tfs.toyota.com/artifactory/easc-maven-prod-local/artifacts/.jar,,AnyPoint,srv_easc_app
FACT0804,EAS1,TFS-MuleAPIs-AuthorizedParties  ,Not required,Not required,,Mulesoft,https://github.tfs.toyota.com/EAS-Channel-Access-Services/TFS-MuleAPIs-AuthorizedParties  .git,Jar,,Dev,BUILD_DEPLOY,https://artifactory.tfs.toyota.com/artifactory/easc-maven-prod-local/artifacts/.jar,,AnyPoint,srv_easc_app
FACT0804,EAS1,TFS-MuleAPIs-authorizedparties-proxy  ,Not required,Not required,,Mulesoft,https://github.tfs.toyota.com/EAS-Channel-Access-Services/TFS-MuleAPIs-authorizedparties-proxy  .git,Jar,,Dev,BUILD_DEPLOY,https://artifactory.tfs.toyota.com/artifactory/easc-maven-prod-local/artifacts/proxy.jar,,AnyPoint,srv_easc_app
FACT0804,EAS1,TFS-MuleAPIs-Authorizedparty  ,Not required,Not required,,Mulesoft,https://github.tfs.toyota.com/EAS-Channel-Access-Services/TFS-MuleAPIs-Authorizedparty  .git,Jar,,Dev,BUILD_DEPLOY,https://artifactory.tfs.toyota.com/artifactory/easc-maven-prod-local/artifacts/.jar,,AnyPoint,srv_easc_app
FACT0804,EAS1,TFS-MuleAPIs-AutoIMS-Services  ,Not required,Not required,,Mulesoft,https://github.tfs.toyota.com/EAS-Channel-Access-Services/TFS-MuleAPIs-AutoIMS-Services  .git,Jar,,Dev,BUILD_DEPLOY,https://artifactory.tfs.toyota.com/artifactory/easc-maven-prod-local/artifacts/services.jar,,AnyPoint,srv_easc_app
FACT0804,EAS1,TFS-MuleAPIs-AutoLendingServices  ,Not required,Not required,,Mulesoft,https://github.tfs.toyota.com/EAS-Channel-Access-Services/TFS-MuleAPIs-AutoLendingServices  .git,Jar,,Dev,BUILD_DEPLOY,https://artifactory.tfs.toyota.com/artifactory/easc-maven-prod-local/artifacts/.jar,,AnyPoint,srv_easc_app
FACT0804,EAS1,TFS-MuleAPIs-AutovinInspection-Services  ,Not required,Not required,,Mulesoft,https://github.tfs.toyota.com/EAS-Channel-Access-Services/TFS-MuleAPIs-AutovinInspection-Services  .git,Jar,,Dev,BUILD_DEPLOY,https://artifactory.tfs.toyota.com/artifactory/easc-maven-prod-local/artifacts/services.jar,,AnyPoint,srv_easc_app
FACT0804,EAS1,TFS-MuleAPIs-BasicAuth  ,Not required,Not required,,Mulesoft,https://github.tfs.toyota.com/EAS-Channel-Access-Services/TFS-MuleAPIs-BasicAuth  .git,Jar,,Dev,BUILD_DEPLOY,https://artifactory.tfs.toyota.com/artifactory/easc-maven-prod-local/artifacts/.jar,,AnyPoint,srv_easc_app
FACT0804,EAS1,TFS-MuleAPIs-BOFA_Services  ,Not required,Not required,,Mulesoft,https://github.tfs.toyota.com/EAS-Channel-Access-Services/TFS-MuleAPIs-BOFA_Services  .git,Jar,,Dev,BUILD_DEPLOY,https://artifactory.tfs.toyota.com/artifactory/easc-maven-prod-local/artifacts/.jar,,AnyPoint,srv_easc_app
FACT0804,EAS1,TFS-MuleAPIs-BookingServices-1  ,Not required,Not required,,Mulesoft,https://github.tfs.toyota.com/EAS-Channel-Access-Services/TFS-MuleAPIs-BookingServices-1  .git,Jar,,Dev,BUILD_DEPLOY,https://artifactory.tfs.toyota.com/artifactory/easc-maven-prod-local/artifacts/1.jar,,AnyPoint,srv_easc_app
FACT0804,EAS1,TFS-MuleAPIs-BookingServices-2  ,Not required,Not required,,Mulesoft,https://github.tfs.toyota.com/EAS-Channel-Access-Services/TFS-MuleAPIs-BookingServices-2  .git,Jar,,Dev,BUILD_DEPLOY,https://artifactory.tfs.toyota.com/artifactory/easc-maven-prod-local/artifacts/2.jar,,AnyPoint,srv_easc_app
FACT0804,EAS1,TFS-MuleAPIs-CampaignServices  ,Not required,Not required,,Mulesoft,https://github.tfs.toyota.com/EAS-Channel-Access-Services/TFS-MuleAPIs-CampaignServices  .git,Jar,,Dev,BUILD_DEPLOY,https://artifactory.tfs.toyota.com/artifactory/easc-maven-prod-local/artifacts/.jar,,AnyPoint,srv_easc_app
FACT0804,EAS1,TFS-MuleAPIs-Carleton-Tax-and-Fee  ,Not required,Not required,,Mulesoft,https://github.tfs.toyota.com/EAS-Channel-Access-Services/TFS-MuleAPIs-Carleton-Tax-and-Fee  .git,Jar,,Dev,BUILD_DEPLOY,https://artifactory.tfs.toyota.com/artifactory/easc-maven-prod-local/artifacts/tax-and-fee.jar,,AnyPoint,srv_easc_app
FACT0804,EAS1,TFS-MuleAPIs-CASCustomerProfileProxy  ,Not required,Not required,,Mulesoft,https://github.tfs.toyota.com/EAS-Channel-Access-Services/TFS-MuleAPIs-CASCustomerProfileProxy  .git,Jar,,Dev,BUILD_DEPLOY,https://artifactory.tfs.toyota.com/artifactory/easc-maven-prod-local/artifacts/.jar,,AnyPoint,srv_easc_app
FACT0804,EAS1,TFS-MuleAPIs-CCPA-CDARServices-Proxy  ,Not required,Not required,,Mulesoft,https://github.tfs.toyota.com/EAS-Channel-Access-Services/TFS-MuleAPIs-CCPA-CDARServices-Proxy  .git,Jar,,Dev,BUILD_DEPLOY,https://artifactory.tfs.toyota.com/artifactory/easc-maven-prod-local/artifacts/cdarservices-proxy.jar,,AnyPoint,srv_easc_app
FACT0804,EAS1,TFS-MuleAPIs-CCPA-Customer-Initial-Request  ,Not required,Not required,,Mulesoft,https://github.tfs.toyota.com/EAS-Channel-Access-Services/TFS-MuleAPIs-CCPA-Customer-Initial-Request  .git,Jar,,Dev,BUILD_DEPLOY,https://artifactory.tfs.toyota.com/artifactory/easc-maven-prod-local/artifacts/customer-initial-request.jar,,AnyPoint,srv_easc_app
FACT0804,EAS1,TFS-MuleAPIs-CCPA-customer-insurance-disclosure-initiation  ,Not required,Not required,,Mulesoft,https://github.tfs.toyota.com/EAS-Channel-Access-Services/TFS-MuleAPIs-CCPA-customer-insurance-disclosure-initiation  .git,Jar,,Dev,BUILD_DEPLOY,https://artifactory.tfs.toyota.com/artifactory/easc-maven-prod-local/artifacts/customer-insurance-disclosure-initiation.jar,,AnyPoint,srv_easc_app
FACT0804,EAS1,TFS-MuleAPIs-CCPA-DataFulfillmentService-Proxy  ,Not required,Not required,,Mulesoft,https://github.tfs.toyota.com/EAS-Channel-Access-Services/TFS-MuleAPIs-CCPA-DataFulfillmentService-Proxy  .git,Jar,,Dev,BUILD_DEPLOY,https://artifactory.tfs.toyota.com/artifactory/easc-maven-prod-local/artifacts/datafulfillmentservice-proxy.jar,,AnyPoint,srv_easc_app
FACT0804,EAS1,TFS-MuleAPIs-CCPA-ReportService-Proxy  ,Not required,Not required,,Mulesoft,https://github.tfs.toyota.com/EAS-Channel-Access-Services/TFS-MuleAPIs-CCPA-ReportService-Proxy  .git,Jar,,Dev,BUILD_DEPLOY,https://artifactory.tfs.toyota.com/artifactory/easc-maven-prod-local/artifacts/reportservice-proxy.jar,,AnyPoint,srv_easc_app
FACT0804,EAS1,TFS-MuleAPIs-CDAR-CustomerDataFullfillment  ,Not required,Not required,,Mulesoft,https://github.tfs.toyota.com/EAS-Channel-Access-Services/TFS-MuleAPIs-CDAR-CustomerDataFullfillment  .git,Jar,,Dev,BUILD_DEPLOY,https://artifactory.tfs.toyota.com/artifactory/easc-maven-prod-local/artifacts/customerdatafullfillment.jar,,AnyPoint,srv_easc_app
FACT0804,EAS1,TFS-MuleAPIs-ChromeRiverServices  ,Not required,Not required,,Mulesoft,https://github.tfs.toyota.com/EAS-Channel-Access-Services/TFS-MuleAPIs-ChromeRiverServices  .git,Jar,,Dev,BUILD_DEPLOY,https://artifactory.tfs.toyota.com/artifactory/easc-maven-prod-local/artifacts/.jar,,AnyPoint,srv_easc_app
FACT0804,EAS1,TFS-MuleAPIs-CITI-KUBRA-PAYMENT  ,Not required,Not required,,Mulesoft,https://github.tfs.toyota.com/EAS-Channel-Access-Services/TFS-MuleAPIs-CITI-KUBRA-PAYMENT  .git,Jar,,Dev,BUILD_DEPLOY,https://artifactory.tfs.toyota.com/artifactory/easc-maven-prod-local/artifacts/kubra-payment.jar,,AnyPoint,srv_easc_app
FACT0804,EAS1,TFS-MuleAPIs-CITI-PaymentHistory  ,Not required,Not required,,Mulesoft,https://github.tfs.toyota.com/EAS-Channel-Access-Services/TFS-MuleAPIs-CITI-PaymentHistory  .git,Jar,,Dev,BUILD_DEPLOY,https://artifactory.tfs.toyota.com/artifactory/easc-maven-prod-local/artifacts/paymenthistory.jar,,AnyPoint,srv_easc_app
FACT0804,EAS1,TFS-MuleAPIs-CITI_Kubra_Authentication  ,Not required,Not required,,Mulesoft,https://github.tfs.toyota.com/EAS-Channel-Access-Services/TFS-MuleAPIs-CITI_Kubra_Authentication  .git,Jar,,Dev,BUILD_DEPLOY,https://artifactory.tfs.toyota.com/artifactory/easc-maven-prod-local/artifacts/.jar,,AnyPoint,srv_easc_app
FACT0804,EAS1,TFS-MuleAPIs-CitiKubraServices  ,Not required,Not required,,Mulesoft,https://github.tfs.toyota.com/EAS-Channel-Access-Services/TFS-MuleAPIs-CitiKubraServices  .git,Jar,,Dev,BUILD_DEPLOY,https://artifactory.tfs.toyota.com/artifactory/easc-maven-prod-local/artifacts/.jar,,AnyPoint,srv_easc_app
FACT0804,EAS1,TFS-MuleAPIs-claim-creation-service  ,Not required,Not required,,Mulesoft,https://github.tfs.toyota.com/EAS-Channel-Access-Services/TFS-MuleAPIs-claim-creation-service  .git,Jar,,Dev,BUILD_DEPLOY,https://artifactory.tfs.toyota.com/artifactory/easc-maven-prod-local/artifacts/creation-service.jar,,AnyPoint,srv_easc_app
FACT0804,EAS1,TFS-MuleAPIs-CMIS-DocumentLake-Services  ,Not required,Not required,,Mulesoft,https://github.tfs.toyota.com/EAS-Channel-Access-Services/TFS-MuleAPIs-CMIS-DocumentLake-Services  .git,Jar,,Dev,BUILD_DEPLOY,https://artifactory.tfs.toyota.com/artifactory/easc-maven-prod-local/artifacts/documentlake-services.jar,,AnyPoint,srv_easc_app
FACT0804,EAS1,TFS-MuleAPIs-Communication-Services  ,Not required,Not required,,Mulesoft,https://github.tfs.toyota.com/EAS-Channel-Access-Services/TFS-MuleAPIs-Communication-Services  .git,Jar,,Dev,BUILD_DEPLOY,https://artifactory.tfs.toyota.com/artifactory/easc-maven-prod-local/artifacts/services.jar,,AnyPoint,srv_easc_app
FACT0804,EAS1,TFS-MuleAPIs-Consumer-Account-Management-Services  ,Not required,Not required,,Mulesoft,https://github.tfs.toyota.com/EAS-Channel-Access-Services/TFS-MuleAPIs-Consumer-Account-Management-Services  .git,Jar,,Dev,BUILD_DEPLOY,https://artifactory.tfs.toyota.com/artifactory/easc-maven-prod-local/artifacts/account-management-services.jar,,AnyPoint,srv_easc_app
FACT0804,EAS1,TFS-MuleAPIs-ConsumerAccessManagement  ,Not required,Not required,,Mulesoft,https://github.tfs.toyota.com/EAS-Channel-Access-Services/TFS-MuleAPIs-ConsumerAccessManagement  .git,Jar,,Dev,BUILD_DEPLOY,https://artifactory.tfs.toyota.com/artifactory/easc-maven-prod-local/artifacts/.jar,,AnyPoint,srv_easc_app
FACT0804,EAS1,TFS-MuleAPIs-ConsumerIdentity-Services  ,Not required,Not required,,Mulesoft,https://github.tfs.toyota.com/EAS-Channel-Access-Services/TFS-MuleAPIs-ConsumerIdentity-Services  .git,Jar,,Dev,BUILD_DEPLOY,https://artifactory.tfs.toyota.com/artifactory/easc-maven-prod-local/artifacts/services.jar,,AnyPoint,srv_easc_app
FACT0804,EAS1,TFS-MuleAPIs-ConsumerLease-Deferral-1  ,Not required,Not required,,Mulesoft,https://github.tfs.toyota.com/EAS-Channel-Access-Services/TFS-MuleAPIs-ConsumerLease-Deferral-1  .git,Jar,,Dev,BUILD_DEPLOY,https://artifactory.tfs.toyota.com/artifactory/easc-maven-prod-local/artifacts/deferral-1.jar,,AnyPoint,srv_easc_app
FACT0804,EAS1,TFS-MuleAPIs-ConsumerLease-Deferral-2  ,Not required,Not required,,Mulesoft,https://github.tfs.toyota.com/EAS-Channel-Access-Services/TFS-MuleAPIs-ConsumerLease-Deferral-2  .git,Jar,,Dev,BUILD_DEPLOY,https://artifactory.tfs.toyota.com/artifactory/easc-maven-prod-local/artifacts/deferral-2.jar,,AnyPoint,srv_easc_app
FACT0804,EAS1,TFS-MuleAPIs-ConsumerLeaseTerming-Proxy  ,Not required,Not required,,Mulesoft,https://github.tfs.toyota.com/EAS-Channel-Access-Services/TFS-MuleAPIs-ConsumerLeaseTerming-Proxy  .git,Jar,,Dev,BUILD_DEPLOY,https://artifactory.tfs.toyota.com/artifactory/easc-maven-prod-local/artifacts/proxy.jar,,AnyPoint,srv_easc_app
FACT0804,EAS1,TFS-MuleAPIs-ConsumerLoginServices  ,Not required,Not required,,Mulesoft,https://github.tfs.toyota.com/EAS-Channel-Access-Services/TFS-MuleAPIs-ConsumerLoginServices  .git,Jar,,Dev,BUILD_DEPLOY,https://artifactory.tfs.toyota.com/artifactory/easc-maven-prod-local/artifacts/.jar,,AnyPoint,srv_easc_app
FACT0804,EAS1,TFS-MuleAPIs-core-services  ,Not required,Not required,,Mulesoft,https://github.tfs.toyota.com/EAS-Channel-Access-Services/TFS-MuleAPIs-core-services  .git,Jar,,Dev,BUILD_DEPLOY,https://artifactory.tfs.toyota.com/artifactory/easc-maven-prod-local/artifacts/services.jar,,AnyPoint,srv_easc_app
FACT0804,EAS1,TFS-MuleAPIs-CoupaProcurement-proxy  ,Not required,Not required,,Mulesoft,https://github.tfs.toyota.com/EAS-Channel-Access-Services/TFS-MuleAPIs-CoupaProcurement-proxy  .git,Jar,,Dev,BUILD_DEPLOY,https://artifactory.tfs.toyota.com/artifactory/easc-maven-prod-local/artifacts/proxy.jar,,AnyPoint,srv_easc_app
FACT0804,EAS1,TFS-MuleAPIs-CreditAppDecision  ,Not required,Not required,,Mulesoft,https://github.tfs.toyota.com/EAS-Channel-Access-Services/TFS-MuleAPIs-CreditAppDecision  .git,Jar,,Dev,BUILD_DEPLOY,https://artifactory.tfs.toyota.com/artifactory/easc-maven-prod-local/artifacts/.jar,,AnyPoint,srv_easc_app
FACT0804,EAS1,TFS-MuleAPIs-Customer-AddressAbbreviation-proxy  ,Not required,Not required,,Mulesoft,https://github.tfs.toyota.com/EAS-Channel-Access-Services/TFS-MuleAPIs-Customer-AddressAbbreviation-proxy  .git,Jar,,Dev,BUILD_DEPLOY,https://artifactory.tfs.toyota.com/artifactory/easc-maven-prod-local/artifacts/addressabbreviation-proxy.jar,,AnyPoint,srv_easc_app
FACT0804,EAS1,TFS-MuleAPIs-Customer-CreditDecision  ,Not required,Not required,,Mulesoft,https://github.tfs.toyota.com/EAS-Channel-Access-Services/TFS-MuleAPIs-Customer-CreditDecision  .git,Jar,,Dev,BUILD_DEPLOY,https://artifactory.tfs.toyota.com/artifactory/easc-maven-prod-local/artifacts/creditdecision.jar,,AnyPoint,srv_easc_app
FACT0804,EAS1,TFS-MuleAPIs-Customer-Eligible-Offers-Proxy  ,Not required,Not required,,Mulesoft,https://github.tfs.toyota.com/EAS-Channel-Access-Services/TFS-MuleAPIs-Customer-Eligible-Offers-Proxy  .git,Jar,,Dev,BUILD_DEPLOY,https://artifactory.tfs.toyota.com/artifactory/easc-maven-prod-local/artifacts/eligible-offers-proxy.jar,,AnyPoint,srv_easc_app
FACT0804,EAS1,TFS-MuleAPIs-Customer-OneTrust-Enrichment-Services-Proxy  ,Not required,Not required,,Mulesoft,https://github.tfs.toyota.com/EAS-Channel-Access-Services/TFS-MuleAPIs-Customer-OneTrust-Enrichment-Services-Proxy  .git,Jar,,Dev,BUILD_DEPLOY,https://artifactory.tfs.toyota.com/artifactory/easc-maven-prod-local/artifacts/onetrust-enrichment-services-proxy.jar,,AnyPoint,srv_easc_app
FACT0804,EAS1,TFS-MuleAPIs-Customer-ServiceRequestCreation-proxy  ,Not required,Not required,,Mulesoft,https://github.tfs.toyota.com/EAS-Channel-Access-Services/TFS-MuleAPIs-Customer-ServiceRequestCreation-proxy  .git,Jar,,Dev,BUILD_DEPLOY,https://artifactory.tfs.toyota.com/artifactory/easc-maven-prod-local/artifacts/servicerequestcreation-proxy.jar,,AnyPoint,srv_easc_app
FACT0804,EAS1,TFS-MuleAPIs-CustomerAccountDocuments  ,Not required,Not required,,Mulesoft,https://github.tfs.toyota.com/EAS-Channel-Access-Services/TFS-MuleAPIs-CustomerAccountDocuments  .git,Jar,,Dev,BUILD_DEPLOY,https://artifactory.tfs.toyota.com/artifactory/easc-maven-prod-local/artifacts/.jar,,AnyPoint,srv_easc_app
FACT0804,EAS1,TFS-MuleAPIs-CustomerAccountPayments  ,Not required,Not required,,Mulesoft,https://github.tfs.toyota.com/EAS-Channel-Access-Services/TFS-MuleAPIs-CustomerAccountPayments  .git,Jar,,Dev,BUILD_DEPLOY,https://artifactory.tfs.toyota.com/artifactory/easc-maven-prod-local/artifacts/.jar,,AnyPoint,srv_easc_app
FACT0804,EAS1,TFS-MuleAPIs-CustomerActivityCaseCreation  ,Not required,Not required,,Mulesoft,https://github.tfs.toyota.com/EAS-Channel-Access-Services/TFS-MuleAPIs-CustomerActivityCaseCreation  .git,Jar,,Dev,BUILD_DEPLOY,https://artifactory.tfs.toyota.com/artifactory/easc-maven-prod-local/artifacts/.jar,,AnyPoint,srv_easc_app
FACT0804,EAS1,TFS-MuleAPIs-CustomerDataFullfillment_TMIS  ,Not required,Not required,,Mulesoft,https://github.tfs.toyota.com/EAS-Channel-Access-Services/TFS-MuleAPIs-CustomerDataFullfillment_TMIS  .git,Jar,,Dev,BUILD_DEPLOY,https://artifactory.tfs.toyota.com/artifactory/easc-maven-prod-local/artifacts/.jar,,AnyPoint,srv_easc_app
FACT0804,EAS1,TFS-MuleAPIs-CustomerEligibilityCheck  ,Not required,Not required,,Mulesoft,https://github.tfs.toyota.com/EAS-Channel-Access-Services/TFS-MuleAPIs-CustomerEligibilityCheck  .git,Jar,,Dev,BUILD_DEPLOY,https://artifactory.tfs.toyota.com/artifactory/easc-maven-prod-local/artifacts/.jar,,AnyPoint,srv_easc_app
FACT0804,EAS1,TFS-MuleAPIs-CustomerLeaseTerming-1  ,Not required,Not required,,Mulesoft,https://github.tfs.toyota.com/EAS-Channel-Access-Services/TFS-MuleAPIs-CustomerLeaseTerming-1  .git,Jar,,Dev,BUILD_DEPLOY,https://artifactory.tfs.toyota.com/artifactory/easc-maven-prod-local/artifacts/1.jar,,AnyPoint,srv_easc_app
FACT0804,EAS1,TFS-MuleAPIs-CustomerLeaseTerming-2  ,Not required,Not required,,Mulesoft,https://github.tfs.toyota.com/EAS-Channel-Access-Services/TFS-MuleAPIs-CustomerLeaseTerming-2  .git,Jar,,Dev,BUILD_DEPLOY,https://artifactory.tfs.toyota.com/artifactory/easc-maven-prod-local/artifacts/2.jar,,AnyPoint,srv_easc_app
FACT0804,EAS1,TFS-MuleAPIs-CustomerLeaseTerming-Sys-Proxy  ,Not required,Not required,,Mulesoft,https://github.tfs.toyota.com/EAS-Channel-Access-Services/TFS-MuleAPIs-CustomerLeaseTerming-Sys-Proxy  .git,Jar,,Dev,BUILD_DEPLOY,https://artifactory.tfs.toyota.com/artifactory/easc-maven-prod-local/artifacts/sys-proxy.jar,,AnyPoint,srv_easc_app
FACT0804,EAS1,TFS-MuleAPIs-CustomerPartyServices  ,Not required,Not required,,Mulesoft,https://github.tfs.toyota.com/EAS-Channel-Access-Services/TFS-MuleAPIs-CustomerPartyServices  .git,Jar,,Dev,BUILD_DEPLOY,https://artifactory.tfs.toyota.com/artifactory/easc-maven-prod-local/artifacts/.jar,,AnyPoint,srv_easc_app
FACT0804,EAS1,TFS-MuleAPIs-CustomerPaymentNotifications  ,Not required,Not required,,Mulesoft,https://github.tfs.toyota.com/EAS-Channel-Access-Services/TFS-MuleAPIs-CustomerPaymentNotifications  .git,Jar,,Dev,BUILD_DEPLOY,https://artifactory.tfs.toyota.com/artifactory/easc-maven-prod-local/artifacts/.jar,,AnyPoint,srv_easc_app
FACT0804,EAS1,TFS-MuleAPIs-CustomerPayments  ,Not required,Not required,,Mulesoft,https://github.tfs.toyota.com/EAS-Channel-Access-Services/TFS-MuleAPIs-CustomerPayments  .git,Jar,,Dev,BUILD_DEPLOY,https://artifactory.tfs.toyota.com/artifactory/easc-maven-prod-local/artifacts/.jar,,AnyPoint,srv_easc_app
FACT0804,EAS1,TFS-MuleAPIs-CustomerPaymentTransactionHistory  ,Not required,Not required,,Mulesoft,https://github.tfs.toyota.com/EAS-Channel-Access-Services/TFS-MuleAPIs-CustomerPaymentTransactionHistory  .git,Jar,,Dev,BUILD_DEPLOY,https://artifactory.tfs.toyota.com/artifactory/easc-maven-prod-local/artifacts/.jar,,AnyPoint,srv_easc_app
FACT0804,EAS1,TFS-MuleAPIs-CustVehicleAcctServices  ,Not required,Not required,,Mulesoft,https://github.tfs.toyota.com/EAS-Channel-Access-Services/TFS-MuleAPIs-CustVehicleAcctServices  .git,Jar,,Dev,BUILD_DEPLOY,https://artifactory.tfs.toyota.com/artifactory/easc-maven-prod-local/artifacts/.jar,,AnyPoint,srv_easc_app
FACT0804,EAS1,TFS-MuleAPIs-Data-Ingestion-Services  ,Not required,Not required,,Mulesoft,https://github.tfs.toyota.com/EAS-Channel-Access-Services/TFS-MuleAPIs-Data-Ingestion-Services  .git,Jar,,Dev,BUILD_DEPLOY,https://artifactory.tfs.toyota.com/artifactory/easc-maven-prod-local/artifacts/ingestion-services.jar,,AnyPoint,srv_easc_app
FACT0804,EAS1,TFS-MuleAPIs-DataScience-Services  ,Not required,Not required,,Mulesoft,https://github.tfs.toyota.com/EAS-Channel-Access-Services/TFS-MuleAPIs-DataScience-Services  .git,Jar,,Dev,BUILD_DEPLOY,https://artifactory.tfs.toyota.com/artifactory/easc-maven-prod-local/artifacts/services.jar,,AnyPoint,srv_easc_app
FACT0804,EAS1,TFS-MuleAPIs-DCOLA_CROWE-proxy  ,Not required,Not required,,Mulesoft,https://github.tfs.toyota.com/EAS-Channel-Access-Services/TFS-MuleAPIs-DCOLA_CROWE-proxy  .git,Jar,,Dev,BUILD_DEPLOY,https://artifactory.tfs.toyota.com/artifactory/easc-maven-prod-local/artifacts/proxy.jar,,AnyPoint,srv_easc_app
FACT0804,EAS1,TFS-MuleAPIs-Dealer-CallMenow  ,Not required,Not required,,Mulesoft,https://github.tfs.toyota.com/EAS-Channel-Access-Services/TFS-MuleAPIs-Dealer-CallMenow  .git,Jar,,Dev,BUILD_DEPLOY,https://artifactory.tfs.toyota.com/artifactory/easc-maven-prod-local/artifacts/callmenow.jar,,AnyPoint,srv_easc_app
FACT0804,EAS1,TFS-MuleAPIs-Dealer-Lending-Services-2  ,Not required,Not required,,Mulesoft,https://github.tfs.toyota.com/EAS-Channel-Access-Services/TFS-MuleAPIs-Dealer-Lending-Services-2  .git,Jar,,Dev,BUILD_DEPLOY,https://artifactory.tfs.toyota.com/artifactory/easc-maven-prod-local/artifacts/lending-services-2.jar,,AnyPoint,srv_easc_app
FACT0804,EAS1,TFS-MuleAPIs-Dealer-Login-Services  ,Not required,Not required,,Mulesoft,https://github.tfs.toyota.com/EAS-Channel-Access-Services/TFS-MuleAPIs-Dealer-Login-Services  .git,Jar,,Dev,BUILD_DEPLOY,https://artifactory.tfs.toyota.com/artifactory/easc-maven-prod-local/artifacts/login-services.jar,,AnyPoint,srv_easc_app
FACT0804,EAS1,TFS-MuleAPIs-DealerAudit-Services  ,Not required,Not required,,Mulesoft,https://github.tfs.toyota.com/EAS-Channel-Access-Services/TFS-MuleAPIs-DealerAudit-Services  .git,Jar,,Dev,BUILD_DEPLOY,https://artifactory.tfs.toyota.com/artifactory/easc-maven-prod-local/artifacts/services.jar,,AnyPoint,srv_easc_app
FACT0804,EAS1,TFS-MuleAPIs-DealerDirect-Services  ,Not required,Not required,,Mulesoft,https://github.tfs.toyota.com/EAS-Channel-Access-Services/TFS-MuleAPIs-DealerDirect-Services  .git,Jar,,Dev,BUILD_DEPLOY,https://artifactory.tfs.toyota.com/artifactory/easc-maven-prod-local/artifacts/services.jar,,AnyPoint,srv_easc_app
FACT0804,EAS1,TFS-MuleAPIs-DealerLookup  ,Not required,Not required,,Mulesoft,https://github.tfs.toyota.com/EAS-Channel-Access-Services/TFS-MuleAPIs-DealerLookup  .git,Jar,,Dev,BUILD_DEPLOY,https://artifactory.tfs.toyota.com/artifactory/easc-maven-prod-local/artifacts/.jar,,AnyPoint,srv_easc_app
FACT0804,EAS1,TFS-MuleAPIs-DealerProfile  ,Not required,Not required,,Mulesoft,https://github.tfs.toyota.com/EAS-Channel-Access-Services/TFS-MuleAPIs-DealerProfile  .git,Jar,,Dev,BUILD_DEPLOY,https://artifactory.tfs.toyota.com/artifactory/easc-maven-prod-local/artifacts/.jar,,AnyPoint,srv_easc_app
FACT0804,EAS1,TFS-MuleAPIs-DealerTermsConditions  ,Not required,Not required,,Mulesoft,https://github.tfs.toyota.com/EAS-Channel-Access-Services/TFS-MuleAPIs-DealerTermsConditions  .git,Jar,,Dev,BUILD_DEPLOY,https://artifactory.tfs.toyota.com/artifactory/easc-maven-prod-local/artifacts/.jar,,AnyPoint,srv_easc_app
FACT0804,EAS1,TFS-MuleAPIs-Defi-Services-Proxy  ,Not required,Not required,,Mulesoft,https://github.tfs.toyota.com/EAS-Channel-Access-Services/TFS-MuleAPIs-Defi-Services-Proxy  .git,Jar,,Dev,BUILD_DEPLOY,https://artifactory.tfs.toyota.com/artifactory/easc-maven-prod-local/artifacts/services-proxy.jar,,AnyPoint,srv_easc_app
FACT0804,EAS1,TFS-MuleAPIs-DefiService-API  ,Not required,Not required,,Mulesoft,https://github.tfs.toyota.com/EAS-Channel-Access-Services/TFS-MuleAPIs-DefiService-API  .git,Jar,,Dev,BUILD_DEPLOY,https://artifactory.tfs.toyota.com/artifactory/easc-maven-prod-local/artifacts/api.jar,,AnyPoint,srv_easc_app
FACT0804,EAS1,TFS-MuleAPIs-DefiServices  ,Not required,Not required,,Mulesoft,https://github.tfs.toyota.com/EAS-Channel-Access-Services/TFS-MuleAPIs-DefiServices  .git,Jar,,Dev,BUILD_DEPLOY,https://artifactory.tfs.toyota.com/artifactory/easc-maven-prod-local/artifacts/.jar,,AnyPoint,srv_easc_app
FACT0804,EAS1,TFS-MuleAPIs-DefiServices-API  ,Not required,Not required,,Mulesoft,https://github.tfs.toyota.com/EAS-Channel-Access-Services/TFS-MuleAPIs-DefiServices-API  .git,Jar,,Dev,BUILD_DEPLOY,https://artifactory.tfs.toyota.com/artifactory/easc-maven-prod-local/artifacts/api.jar,,AnyPoint,srv_easc_app
FACT0804,EAS1,TFS-MuleAPIs-DeployPro,Not required,Not required,,Mulesoft,https://github.tfs.toyota.com/EAS-Channel-Access-Services/TFS-MuleAPIs-DeployPro.git,Jar,,Dev,BUILD_DEPLOY,https://artifactory.tfs.toyota.com/artifactory/easc-maven-prod-local/artifacts/.jar,,AnyPoint,srv_easc_app
FACT0804,EAS1,TFS-MuleAPIs-DFI-GSFS-Services  ,Not required,Not required,,Mulesoft,https://github.tfs.toyota.com/EAS-Channel-Access-Services/TFS-MuleAPIs-DFI-GSFS-Services  .git,Jar,,Dev,BUILD_DEPLOY,https://artifactory.tfs.toyota.com/artifactory/easc-maven-prod-local/artifacts/gsfs-services.jar,,AnyPoint,srv_easc_app
FACT0804,EAS1,TFS-MuleAPIs-DFI-PEN-Services  ,Not required,Not required,,Mulesoft,https://github.tfs.toyota.com/EAS-Channel-Access-Services/TFS-MuleAPIs-DFI-PEN-Services  .git,Jar,,Dev,BUILD_DEPLOY,https://artifactory.tfs.toyota.com/artifactory/easc-maven-prod-local/artifacts/pen-services.jar,,AnyPoint,srv_easc_app
FACT0804,EAS1,TFS-MuleAPIs-DFI-Routeone-Proxy  ,Not required,Not required,,Mulesoft,https://github.tfs.toyota.com/EAS-Channel-Access-Services/TFS-MuleAPIs-DFI-Routeone-Proxy  .git,Jar,,Dev,BUILD_DEPLOY,https://artifactory.tfs.toyota.com/artifactory/easc-maven-prod-local/artifacts/routeone-proxy.jar,,AnyPoint,srv_easc_app
FACT0804,EAS1,TFS-MuleAPIs-DialerNotifications  ,Not required,Not required,,Mulesoft,https://github.tfs.toyota.com/EAS-Channel-Access-Services/TFS-MuleAPIs-DialerNotifications  .git,Jar,,Dev,BUILD_DEPLOY,https://artifactory.tfs.toyota.com/artifactory/easc-maven-prod-local/artifacts/.jar,,AnyPoint,srv_easc_app
FACT0804,EAS1,TFS-MuleAPIs-Digital-Communication-Services  ,Not required,Not required,,Mulesoft,https://github.tfs.toyota.com/EAS-Channel-Access-Services/TFS-MuleAPIs-Digital-Communication-Services  .git,Jar,,Dev,BUILD_DEPLOY,https://artifactory.tfs.toyota.com/artifactory/easc-maven-prod-local/artifacts/communication-services.jar,,AnyPoint,srv_easc_app
FACT0804,EAS1,TFS-MuleAPIs-Digital-Self-Services  ,Not required,Not required,,Mulesoft,https://github.tfs.toyota.com/EAS-Channel-Access-Services/TFS-MuleAPIs-Digital-Self-Services  .git,Jar,,Dev,BUILD_DEPLOY,https://artifactory.tfs.toyota.com/artifactory/easc-maven-prod-local/artifacts/self-services.jar,,AnyPoint,srv_easc_app
FACT0804,EAS1,TFS-MuleAPIs-DMSServices  ,Not required,Not required,,Mulesoft,https://github.tfs.toyota.com/EAS-Channel-Access-Services/TFS-MuleAPIs-DMSServices  .git,Jar,,Dev,BUILD_DEPLOY,https://artifactory.tfs.toyota.com/artifactory/easc-maven-prod-local/artifacts/.jar,,AnyPoint,srv_easc_app
FACT0804,EAS1,TFS-MuleAPIs-Document-Services  ,Not required,Not required,,Mulesoft,https://github.tfs.toyota.com/EAS-Channel-Access-Services/TFS-MuleAPIs-Document-Services  .git,Jar,,Dev,BUILD_DEPLOY,https://artifactory.tfs.toyota.com/artifactory/easc-maven-prod-local/artifacts/services.jar,,AnyPoint,srv_easc_app
FACT0804,EAS1,TFS-MuleAPIs-DocumentumService  ,Not required,Not required,,Mulesoft,https://github.tfs.toyota.com/EAS-Channel-Access-Services/TFS-MuleAPIs-DocumentumService  .git,Jar,,Dev,BUILD_DEPLOY,https://artifactory.tfs.toyota.com/artifactory/easc-maven-prod-local/artifacts/.jar,,AnyPoint,srv_easc_app
FACT0804,EAS1,TFS-MuleAPIs-DueDateChange  ,Not required,Not required,,Mulesoft,https://github.tfs.toyota.com/EAS-Channel-Access-Services/TFS-MuleAPIs-DueDateChange  .git,Jar,,Dev,BUILD_DEPLOY,https://artifactory.tfs.toyota.com/artifactory/easc-maven-prod-local/artifacts/.jar,,AnyPoint,srv_easc_app
FACT0804,EAS1,TFS-MuleAPIs-Dynamic-Endpoint-Routing  ,Not required,Not required,,Mulesoft,https://github.tfs.toyota.com/EAS-Channel-Access-Services/TFS-MuleAPIs-Dynamic-Endpoint-Routing  .git,Jar,,Dev,BUILD_DEPLOY,https://artifactory.tfs.toyota.com/artifactory/easc-maven-prod-local/artifacts/endpoint-routing.jar,,AnyPoint,srv_easc_app
FACT0804,EAS1,TFS-MuleAPIs-Dynatrace-FWD  ,Not required,Not required,,Mulesoft,https://github.tfs.toyota.com/EAS-Channel-Access-Services/TFS-MuleAPIs-Dynatrace-FWD  .git,Jar,,Dev,BUILD_DEPLOY,https://artifactory.tfs.toyota.com/artifactory/easc-maven-prod-local/artifacts/fwd.jar,,AnyPoint,srv_easc_app
FACT0804,EAS1,TFS-MuleAPIs-EDPEgressService  ,Not required,Not required,,Mulesoft,https://github.tfs.toyota.com/EAS-Channel-Access-Services/TFS-MuleAPIs-EDPEgressService  .git,Jar,,Dev,BUILD_DEPLOY,https://artifactory.tfs.toyota.com/artifactory/easc-maven-prod-local/artifacts/.jar,,AnyPoint,srv_easc_app
FACT0804,EAS1,TFS-MuleAPIs-EDPIngressAPI  ,Not required,Not required,,Mulesoft,https://github.tfs.toyota.com/EAS-Channel-Access-Services/TFS-MuleAPIs-EDPIngressAPI  .git,Jar,,Dev,BUILD_DEPLOY,https://artifactory.tfs.toyota.com/artifactory/easc-maven-prod-local/artifacts/.jar,,AnyPoint,srv_easc_app
FACT0804,EAS1,TFS-MuleAPIs-Enterprise-DocumentLake-Services  ,Not required,Not required,,Mulesoft,https://github.tfs.toyota.com/EAS-Channel-Access-Services/TFS-MuleAPIs-Enterprise-DocumentLake-Services  .git,Jar,,Dev,BUILD_DEPLOY,https://artifactory.tfs.toyota.com/artifactory/easc-maven-prod-local/artifacts/documentlake-services.jar,,AnyPoint,srv_easc_app
FACT0804,EAS1,TFS-MuleAPIs-Event_Notifications  ,Not required,Not required,,Mulesoft,https://github.tfs.toyota.com/EAS-Channel-Access-Services/TFS-MuleAPIs-Event_Notifications  .git,Jar,,Dev,BUILD_DEPLOY,https://artifactory.tfs.toyota.com/artifactory/easc-maven-prod-local/artifacts/.jar,,AnyPoint,srv_easc_app
FACT0804,EAS1,TFS-MuleAPIs-EXP-Authorizedparty  ,Not required,Not required,,Mulesoft,https://github.tfs.toyota.com/EAS-Channel-Access-Services/TFS-MuleAPIs-EXP-Authorizedparty  .git,Jar,,Dev,BUILD_DEPLOY,https://artifactory.tfs.toyota.com/artifactory/easc-maven-prod-local/artifacts/authorizedparty.jar,,AnyPoint,srv_easc_app
FACT0804,EAS1,TFS-MuleAPIs-EXP-DueDateChange  ,Not required,Not required,,Mulesoft,https://github.tfs.toyota.com/EAS-Channel-Access-Services/TFS-MuleAPIs-EXP-DueDateChange  .git,Jar,,Dev,BUILD_DEPLOY,https://artifactory.tfs.toyota.com/artifactory/easc-maven-prod-local/artifacts/duedatechange.jar,,AnyPoint,srv_easc_app
FACT0804,EAS1,TFS-MuleAPIs-EXP-PayoffQuote  ,Not required,Not required,,Mulesoft,https://github.tfs.toyota.com/EAS-Channel-Access-Services/TFS-MuleAPIs-EXP-PayoffQuote  .git,Jar,,Dev,BUILD_DEPLOY,https://artifactory.tfs.toyota.com/artifactory/easc-maven-prod-local/artifacts/payoffquote.jar,,AnyPoint,srv_easc_app
FACT0804,EAS1,TFS-MuleAPIs-EXP-SupportCenter  ,Not required,Not required,,Mulesoft,https://github.tfs.toyota.com/EAS-Channel-Access-Services/TFS-MuleAPIs-EXP-SupportCenter  .git,Jar,,Dev,BUILD_DEPLOY,https://artifactory.tfs.toyota.com/artifactory/easc-maven-prod-local/artifacts/supportcenter.jar,,AnyPoint,srv_easc_app
FACT0804,EAS1,TFS-MuleAPIs-EXP-TitleTracker  ,Not required,Not required,,Mulesoft,https://github.tfs.toyota.com/EAS-Channel-Access-Services/TFS-MuleAPIs-EXP-TitleTracker  .git,Jar,,Dev,BUILD_DEPLOY,https://artifactory.tfs.toyota.com/artifactory/easc-maven-prod-local/artifacts/titletracker.jar,,AnyPoint,srv_easc_app
FACT0804,EAS1,TFS-MuleAPIs-EXP_CDAR  ,Not required,Not required,,Mulesoft,https://github.tfs.toyota.com/EAS-Channel-Access-Services/TFS-MuleAPIs-EXP_CDAR  .git,Jar,,Dev,BUILD_DEPLOY,https://artifactory.tfs.toyota.com/artifactory/easc-maven-prod-local/artifacts/.jar,,AnyPoint,srv_easc_app
FACT0804,EAS1,TFS-MuleAPIs-EXP_StateTransfer  ,Not required,Not required,,Mulesoft,https://github.tfs.toyota.com/EAS-Channel-Access-Services/TFS-MuleAPIs-EXP_StateTransfer  .git,Jar,,Dev,BUILD_DEPLOY,https://artifactory.tfs.toyota.com/artifactory/easc-maven-prod-local/artifacts/.jar,,AnyPoint,srv_easc_app
FACT0804,EAS1,TFS-MuleAPIs-ExpAuthorizedParties  ,Not required,Not required,,Mulesoft,https://github.tfs.toyota.com/EAS-Channel-Access-Services/TFS-MuleAPIs-ExpAuthorizedParties  .git,Jar,,Dev,BUILD_DEPLOY,https://artifactory.tfs.toyota.com/artifactory/easc-maven-prod-local/artifacts/.jar,,AnyPoint,srv_easc_app
FACT0804,EAS1,TFS-MuleAPIs-finalpaymentestimator-Service  ,Not required,Not required,,Mulesoft,https://github.tfs.toyota.com/EAS-Channel-Access-Services/TFS-MuleAPIs-finalpaymentestimator-Service  .git,Jar,,Dev,BUILD_DEPLOY,https://artifactory.tfs.toyota.com/artifactory/easc-maven-prod-local/artifacts/service.jar,,AnyPoint,srv_easc_app
FACT0804,EAS1,TFS-MuleAPIs-FinanceGL-App  ,Not required,Not required,,Mulesoft,https://github.tfs.toyota.com/EAS-Channel-Access-Services/TFS-MuleAPIs-FinanceGL-App  .git,Jar,,Dev,BUILD_DEPLOY,https://artifactory.tfs.toyota.com/artifactory/easc-maven-prod-local/artifacts/app.jar,,AnyPoint,srv_easc_app
FACT0804,EAS1,TFS-MuleAPIs-FinanceGL-Proxy  ,Not required,Not required,,Mulesoft,https://github.tfs.toyota.com/EAS-Channel-Access-Services/TFS-MuleAPIs-FinanceGL-Proxy  .git,Jar,,Dev,BUILD_DEPLOY,https://artifactory.tfs.toyota.com/artifactory/easc-maven-prod-local/artifacts/proxy.jar,,AnyPoint,srv_easc_app
FACT0804,EAS1,TFS-MuleAPIs-FinancialAccount-Lookup-Service  ,Not required,Not required,,Mulesoft,https://github.tfs.toyota.com/EAS-Channel-Access-Services/TFS-MuleAPIs-FinancialAccount-Lookup-Service  .git,Jar,,Dev,BUILD_DEPLOY,https://artifactory.tfs.toyota.com/artifactory/easc-maven-prod-local/artifacts/lookup-service.jar,,AnyPoint,srv_easc_app
FACT0804,EAS1,TFS-MuleAPIs-FleetFin-Services  ,Not required,Not required,,Mulesoft,https://github.tfs.toyota.com/EAS-Channel-Access-Services/TFS-MuleAPIs-FleetFin-Services  .git,Jar,,Dev,BUILD_DEPLOY,https://artifactory.tfs.toyota.com/artifactory/easc-maven-prod-local/artifacts/services.jar,,AnyPoint,srv_easc_app
FACT0804,EAS1,TFS-MuleAPIs-ForgeRock-Auth-Services  ,Not required,Not required,,Mulesoft,https://github.tfs.toyota.com/EAS-Channel-Access-Services/TFS-MuleAPIs-ForgeRock-Auth-Services  .git,Jar,,Dev,BUILD_DEPLOY,https://artifactory.tfs.toyota.com/artifactory/easc-maven-prod-local/artifacts/auth-services.jar,,AnyPoint,srv_easc_app
FACT0804,EAS1,TFS-MuleAPIs-ForgeRock-MFSDealer-Proxy  ,Not required,Not required,,Mulesoft,https://github.tfs.toyota.com/EAS-Channel-Access-Services/TFS-MuleAPIs-ForgeRock-MFSDealer-Proxy  .git,Jar,,Dev,BUILD_DEPLOY,https://artifactory.tfs.toyota.com/artifactory/easc-maven-prod-local/artifacts/mfsdealer-proxy.jar,,AnyPoint,srv_easc_app
FACT0804,EAS1,TFS-MuleAPIs-ForgeRock-Usermanagement-Services  ,Not required,Not required,,Mulesoft,https://github.tfs.toyota.com/EAS-Channel-Access-Services/TFS-MuleAPIs-ForgeRock-Usermanagement-Services  .git,Jar,,Dev,BUILD_DEPLOY,https://artifactory.tfs.toyota.com/artifactory/easc-maven-prod-local/artifacts/usermanagement-services.jar,,AnyPoint,srv_easc_app
FACT0804,EAS1,TFS-MuleAPIs-ForgeRockConsumer-Proxy  ,Not required,Not required,,Mulesoft,https://github.tfs.toyota.com/EAS-Channel-Access-Services/TFS-MuleAPIs-ForgeRockConsumer-Proxy  .git,Jar,,Dev,BUILD_DEPLOY,https://artifactory.tfs.toyota.com/artifactory/easc-maven-prod-local/artifacts/proxy.jar,,AnyPoint,srv_easc_app
FACT0804,EAS1,TFS-MuleAPIs-ForgeRockDealer-IAM-IDM  ,Not required,Not required,,Mulesoft,https://github.tfs.toyota.com/EAS-Channel-Access-Services/TFS-MuleAPIs-ForgeRockDealer-IAM-IDM  .git,Jar,,Dev,BUILD_DEPLOY,https://artifactory.tfs.toyota.com/artifactory/easc-maven-prod-local/artifacts/iam-idm.jar,,AnyPoint,srv_easc_app
FACT0804,EAS1,TFS-MuleAPIs-Forms-Services  ,Not required,Not required,,Mulesoft,https://github.tfs.toyota.com/EAS-Channel-Access-Services/TFS-MuleAPIs-Forms-Services  .git,Jar,,Dev,BUILD_DEPLOY,https://artifactory.tfs.toyota.com/artifactory/easc-maven-prod-local/artifacts/services.jar,,AnyPoint,srv_easc_app
FACT0804,EAS1,TFS-MuleAPIs-Genesys-BREServices-proxy  ,Not required,Not required,,Mulesoft,https://github.tfs.toyota.com/EAS-Channel-Access-Services/TFS-MuleAPIs-Genesys-BREServices-proxy  .git,Jar,,Dev,BUILD_DEPLOY,https://artifactory.tfs.toyota.com/artifactory/easc-maven-prod-local/artifacts/breservices-proxy.jar,,AnyPoint,srv_easc_app
FACT0804,EAS1,TFS-MuleAPIs-Gensys-OCS-Services-proxy  ,Not required,Not required,,Mulesoft,https://github.tfs.toyota.com/EAS-Channel-Access-Services/TFS-MuleAPIs-Gensys-OCS-Services-proxy  .git,Jar,,Dev,BUILD_DEPLOY,https://artifactory.tfs.toyota.com/artifactory/easc-maven-prod-local/artifacts/ocs-services-proxy.jar,,AnyPoint,srv_easc_app
FACT0804,EAS1,TFS-MuleAPIs-Insurance-Claim-Management  ,Not required,Not required,,Mulesoft,https://github.tfs.toyota.com/EAS-Channel-Access-Services/TFS-MuleAPIs-Insurance-Claim-Management  .git,Jar,,Dev,BUILD_DEPLOY,https://artifactory.tfs.toyota.com/artifactory/easc-maven-prod-local/artifacts/claim-management.jar,,AnyPoint,srv_easc_app
FACT0804,EAS1,TFS-MuleAPIs-Insurance-ExplorerServices-proxy  ,Not required,Not required,,Mulesoft,https://github.tfs.toyota.com/EAS-Channel-Access-Services/TFS-MuleAPIs-Insurance-ExplorerServices-proxy  .git,Jar,,Dev,BUILD_DEPLOY,https://artifactory.tfs.toyota.com/artifactory/easc-maven-prod-local/artifacts/explorerservices-proxy.jar,,AnyPoint,srv_easc_app
FACT0804,EAS1,TFS-MuleAPIs-Insurance-Forms-Service  ,Not required,Not required,,Mulesoft,https://github.tfs.toyota.com/EAS-Channel-Access-Services/TFS-MuleAPIs-Insurance-Forms-Service  .git,Jar,,Dev,BUILD_DEPLOY,https://artifactory.tfs.toyota.com/artifactory/easc-maven-prod-local/artifacts/forms-service.jar,,AnyPoint,srv_easc_app
FACT0804,EAS1,TFS-MuleAPIs-Insurance-rates-service  ,Not required,Not required,,Mulesoft,https://github.tfs.toyota.com/EAS-Channel-Access-Services/TFS-MuleAPIs-Insurance-rates-service  .git,Jar,,Dev,BUILD_DEPLOY,https://artifactory.tfs.toyota.com/artifactory/easc-maven-prod-local/artifacts/rates-service.jar,,AnyPoint,srv_easc_app
FACT0804,EAS1,TFS-MuleAPIs-InteractionServices  ,Not required,Not required,,Mulesoft,https://github.tfs.toyota.com/EAS-Channel-Access-Services/TFS-MuleAPIs-InteractionServices  .git,Jar,,Dev,BUILD_DEPLOY,https://artifactory.tfs.toyota.com/artifactory/easc-maven-prod-local/artifacts/.jar,,AnyPoint,srv_easc_app
FACT0804,EAS1,TFS-MuleAPIs-Investor-DataPublish  ,Not required,Not required,,Mulesoft,https://github.tfs.toyota.com/EAS-Channel-Access-Services/TFS-MuleAPIs-Investor-DataPublish  .git,Jar,,Dev,BUILD_DEPLOY,https://artifactory.tfs.toyota.com/artifactory/easc-maven-prod-local/artifacts/datapublish.jar,,AnyPoint,srv_easc_app
FACT0804,EAS1,TFS-MuleAPIs-INXT-ClaimsManagement-Service  ,Not required,Not required,,Mulesoft,https://github.tfs.toyota.com/EAS-Channel-Access-Services/TFS-MuleAPIs-INXT-ClaimsManagement-Service  .git,Jar,,Dev,BUILD_DEPLOY,https://artifactory.tfs.toyota.com/artifactory/easc-maven-prod-local/artifacts/claimsmanagement-service.jar,,AnyPoint,srv_easc_app
FACT0804,EAS1,TFS-MuleAPIs-JWKS  ,Not required,Not required,,Mulesoft,https://github.tfs.toyota.com/EAS-Channel-Access-Services/TFS-MuleAPIs-JWKS  .git,Jar,,Dev,BUILD_DEPLOY,https://artifactory.tfs.toyota.com/artifactory/easc-maven-prod-local/artifacts/.jar,,AnyPoint,srv_easc_app
FACT0804,EAS1,TFS-MuleAPIs-Kintolink-Billing-Services  ,Not required,Not required,,Mulesoft,https://github.tfs.toyota.com/EAS-Channel-Access-Services/TFS-MuleAPIs-Kintolink-Billing-Services  .git,Jar,,Dev,BUILD_DEPLOY,https://artifactory.tfs.toyota.com/artifactory/easc-maven-prod-local/artifacts/billing-services.jar,,AnyPoint,srv_easc_app
FACT0804,EAS1,TFS-MuleAPIs-KintoLink-PortalServices  ,Not required,Not required,,Mulesoft,https://github.tfs.toyota.com/EAS-Channel-Access-Services/TFS-MuleAPIs-KintoLink-PortalServices  .git,Jar,,Dev,BUILD_DEPLOY,https://artifactory.tfs.toyota.com/artifactory/easc-maven-prod-local/artifacts/portalservices.jar,,AnyPoint,srv_easc_app
FACT0804,EAS1,TFS-MuleAPIs-kintolink-wepay-services  ,Not required,Not required,,Mulesoft,https://github.tfs.toyota.com/EAS-Channel-Access-Services/TFS-MuleAPIs-kintolink-wepay-services  .git,Jar,,Dev,BUILD_DEPLOY,https://artifactory.tfs.toyota.com/artifactory/easc-maven-prod-local/artifacts/wepay-services.jar,,AnyPoint,srv_easc_app
FACT0804,EAS1,TFS-MuleAPIs-KintoshareDatalakeEvents  ,Not required,Not required,,Mulesoft,https://github.tfs.toyota.com/EAS-Channel-Access-Services/TFS-MuleAPIs-KintoshareDatalakeEvents  .git,Jar,,Dev,BUILD_DEPLOY,https://artifactory.tfs.toyota.com/artifactory/easc-maven-prod-local/artifacts/.jar,,AnyPoint,srv_easc_app
FACT0804,EAS1,TFS-MuleAPIs-Levo-Services  ,Not required,Not required,,Mulesoft,https://github.tfs.toyota.com/EAS-Channel-Access-Services/TFS-MuleAPIs-Levo-Services  .git,Jar,,Dev,BUILD_DEPLOY,https://artifactory.tfs.toyota.com/artifactory/easc-maven-prod-local/artifacts/services.jar,,AnyPoint,srv_easc_app
FACT0804,EAS1,TFS-MuleAPIs-Log-Ingest  ,Not required,Not required,,Mulesoft,https://github.tfs.toyota.com/EAS-Channel-Access-Services/TFS-MuleAPIs-Log-Ingest  .git,Jar,,Dev,BUILD_DEPLOY,https://artifactory.tfs.toyota.com/artifactory/easc-maven-prod-local/artifacts/ingest.jar,,AnyPoint,srv_easc_app
FACT0804,EAS1,TFS-MuleAPIs-LoggingFramework  ,Not required,Not required,,Mulesoft,https://github.tfs.toyota.com/EAS-Channel-Access-Services/TFS-MuleAPIs-LoggingFramework  .git,Jar,,Dev,BUILD_DEPLOY,https://artifactory.tfs.toyota.com/artifactory/easc-maven-prod-local/artifacts/.jar,,AnyPoint,srv_easc_app
FACT0804,EAS1,TFS-MuleAPIs-LookerDashboard-pdfGeneration-Services  ,Not required,Not required,,Mulesoft,https://github.tfs.toyota.com/EAS-Channel-Access-Services/TFS-MuleAPIs-LookerDashboard-pdfGeneration-Services  .git,Jar,,Dev,BUILD_DEPLOY,https://artifactory.tfs.toyota.com/artifactory/easc-maven-prod-local/artifacts/pdfgeneration-services.jar,,AnyPoint,srv_easc_app
FACT0804,EAS1,TFS-MuleAPIs-Loyal-Customer-Profile-Services  ,Not required,Not required,,Mulesoft,https://github.tfs.toyota.com/EAS-Channel-Access-Services/TFS-MuleAPIs-Loyal-Customer-Profile-Services  .git,Jar,,Dev,BUILD_DEPLOY,https://artifactory.tfs.toyota.com/artifactory/easc-maven-prod-local/artifacts/customer-profile-services.jar,,AnyPoint,srv_easc_app
FACT0804,EAS1,TFS-MuleAPIs-LTAS-User-Admin-Services  ,Not required,Not required,,Mulesoft,https://github.tfs.toyota.com/EAS-Channel-Access-Services/TFS-MuleAPIs-LTAS-User-Admin-Services  .git,Jar,,Dev,BUILD_DEPLOY,https://artifactory.tfs.toyota.com/artifactory/easc-maven-prod-local/artifacts/user-admin-services.jar,,AnyPoint,srv_easc_app
FACT0804,EAS1,TFS-MuleAPIs-Marketing-Cloud-User-Provisioning-Service  ,Not required,Not required,,Mulesoft,https://github.tfs.toyota.com/EAS-Channel-Access-Services/TFS-MuleAPIs-Marketing-Cloud-User-Provisioning-Service  .git,Jar,,Dev,BUILD_DEPLOY,https://artifactory.tfs.toyota.com/artifactory/easc-maven-prod-local/artifacts/cloud-user-provisioning-service.jar,,AnyPoint,srv_easc_app
FACT0804,EAS1,TFS-MuleAPIs-MarkitServices  ,Not required,Not required,,Mulesoft,https://github.tfs.toyota.com/EAS-Channel-Access-Services/TFS-MuleAPIs-MarkitServices  .git,Jar,,Dev,BUILD_DEPLOY,https://artifactory.tfs.toyota.com/artifactory/easc-maven-prod-local/artifacts/.jar,,AnyPoint,srv_easc_app
FACT0804,EAS1,TFS-MuleAPIs-Message-Case-Management-Service  ,Not required,Not required,,Mulesoft,https://github.tfs.toyota.com/EAS-Channel-Access-Services/TFS-MuleAPIs-Message-Case-Management-Service  .git,Jar,,Dev,BUILD_DEPLOY,https://artifactory.tfs.toyota.com/artifactory/easc-maven-prod-local/artifacts/case-management-service.jar,,AnyPoint,srv_easc_app
FACT0804,EAS1,TFS-MuleAPIs-MessagingServices  ,Not required,Not required,,Mulesoft,https://github.tfs.toyota.com/EAS-Channel-Access-Services/TFS-MuleAPIs-MessagingServices  .git,Jar,,Dev,BUILD_DEPLOY,https://artifactory.tfs.toyota.com/artifactory/easc-maven-prod-local/artifacts/.jar,,AnyPoint,srv_easc_app
FACT0804,EAS1,TFS-MuleAPIs-MeteringService  ,Not required,Not required,,Mulesoft,https://github.tfs.toyota.com/EAS-Channel-Access-Services/TFS-MuleAPIs-MeteringService  .git,Jar,,Dev,BUILD_DEPLOY,https://artifactory.tfs.toyota.com/artifactory/easc-maven-prod-local/artifacts/.jar,,AnyPoint,srv_easc_app
FACT0804,EAS1,TFS-MuleAPIs-mFin-Account-Services  ,Not required,Not required,,Mulesoft,https://github.tfs.toyota.com/EAS-Channel-Access-Services/TFS-MuleAPIs-mFin-Account-Services  .git,Jar,,Dev,BUILD_DEPLOY,https://artifactory.tfs.toyota.com/artifactory/easc-maven-prod-local/artifacts/account-services.jar,,AnyPoint,srv_easc_app
FACT0804,EAS1,TFS-MuleAPIs-mFin-Account-Services-API  ,Not required,Not required,,Mulesoft,https://github.tfs.toyota.com/EAS-Channel-Access-Services/TFS-MuleAPIs-mFin-Account-Services-API  .git,Jar,,Dev,BUILD_DEPLOY,https://artifactory.tfs.toyota.com/artifactory/easc-maven-prod-local/artifacts/account-services-api.jar,,AnyPoint,srv_easc_app
FACT0804,EAS1,TFS-MuleAPIs-mFin-DealerLookup-Services-Proxy  ,Not required,Not required,,Mulesoft,https://github.tfs.toyota.com/EAS-Channel-Access-Services/TFS-MuleAPIs-mFin-DealerLookup-Services-Proxy  .git,Jar,,Dev,BUILD_DEPLOY,https://artifactory.tfs.toyota.com/artifactory/easc-maven-prod-local/artifacts/dealerlookup-services-proxy.jar,,AnyPoint,srv_easc_app
FACT0804,EAS1,TFS-MuleAPIs-mfin-events-service  ,Not required,Not required,,Mulesoft,https://github.tfs.toyota.com/EAS-Channel-Access-Services/TFS-MuleAPIs-mfin-events-service  .git,Jar,,Dev,BUILD_DEPLOY,https://artifactory.tfs.toyota.com/artifactory/easc-maven-prod-local/artifacts/events-service.jar,,AnyPoint,srv_easc_app
FACT0804,EAS1,TFS-MuleAPIs-mFin-FiservBiller-Services  ,Not required,Not required,,Mulesoft,https://github.tfs.toyota.com/EAS-Channel-Access-Services/TFS-MuleAPIs-mFin-FiservBiller-Services  .git,Jar,,Dev,BUILD_DEPLOY,https://artifactory.tfs.toyota.com/artifactory/easc-maven-prod-local/artifacts/fiservbiller-services.jar,,AnyPoint,srv_easc_app
FACT0804,EAS1,TFS-MuleAPIs-mFin-NICE-BREServices-proxy  ,Not required,Not required,,Mulesoft,https://github.tfs.toyota.com/EAS-Channel-Access-Services/TFS-MuleAPIs-mFin-NICE-BREServices-proxy  .git,Jar,,Dev,BUILD_DEPLOY,https://artifactory.tfs.toyota.com/artifactory/easc-maven-prod-local/artifacts/nice-breservices-proxy.jar,,AnyPoint,srv_easc_app
FACT0804,EAS1,TFS-MuleAPIs-mFin-PaymentEngine  ,Not required,Not required,,Mulesoft,https://github.tfs.toyota.com/EAS-Channel-Access-Services/TFS-MuleAPIs-mFin-PaymentEngine  .git,Jar,,Dev,BUILD_DEPLOY,https://artifactory.tfs.toyota.com/artifactory/easc-maven-prod-local/artifacts/paymentengine.jar,,AnyPoint,srv_easc_app
FACT0804,EAS1,TFS-MuleAPIs-mFin-User-Account-Services  ,Not required,Not required,,Mulesoft,https://github.tfs.toyota.com/EAS-Channel-Access-Services/TFS-MuleAPIs-mFin-User-Account-Services  .git,Jar,,Dev,BUILD_DEPLOY,https://artifactory.tfs.toyota.com/artifactory/easc-maven-prod-local/artifacts/user-account-services.jar,,AnyPoint,srv_easc_app
FACT0804,EAS1,TFS-MuleAPIs-Mfin-UserProfileService  ,Not required,Not required,,Mulesoft,https://github.tfs.toyota.com/EAS-Channel-Access-Services/TFS-MuleAPIs-Mfin-UserProfileService  .git,Jar,,Dev,BUILD_DEPLOY,https://artifactory.tfs.toyota.com/artifactory/easc-maven-prod-local/artifacts/userprofileservice.jar,,AnyPoint,srv_easc_app
FACT0804,EAS1,TFS-MuleAPIs-MockingService  ,Not required,Not required,,Mulesoft,https://github.tfs.toyota.com/EAS-Channel-Access-Services/TFS-MuleAPIs-MockingService  .git,Jar,,Dev,BUILD_DEPLOY,https://artifactory.tfs.toyota.com/artifactory/easc-maven-prod-local/artifacts/.jar,,AnyPoint,srv_easc_app
FACT0804,EAS1,TFS-MuleAPIs-mps-incentive-programs  ,Not required,Not required,,Mulesoft,https://github.tfs.toyota.com/EAS-Channel-Access-Services/TFS-MuleAPIs-mps-incentive-programs  .git,Jar,,Dev,BUILD_DEPLOY,https://artifactory.tfs.toyota.com/artifactory/easc-maven-prod-local/artifacts/incentive-programs.jar,,AnyPoint,srv_easc_app
FACT0804,EAS1,TFS-MuleAPIs-MultiChannel-PayoffQuote-Service  ,Not required,Not required,,Mulesoft,https://github.tfs.toyota.com/EAS-Channel-Access-Services/TFS-MuleAPIs-MultiChannel-PayoffQuote-Service  .git,Jar,,Dev,BUILD_DEPLOY,https://artifactory.tfs.toyota.com/artifactory/easc-maven-prod-local/artifacts/payoffquote-service.jar,,AnyPoint,srv_easc_app
FACT0804,EAS1,TFS-MuleAPIs-NAWC-proxy  ,Not required,Not required,,Mulesoft,https://github.tfs.toyota.com/EAS-Channel-Access-Services/TFS-MuleAPIs-NAWC-proxy  .git,Jar,,Dev,BUILD_DEPLOY,https://artifactory.tfs.toyota.com/artifactory/easc-maven-prod-local/artifacts/proxy.jar,,AnyPoint,srv_easc_app
FACT0804,EAS1,TFS-MuleAPIs-NetDocument-Services  ,Not required,Not required,,Mulesoft,https://github.tfs.toyota.com/EAS-Channel-Access-Services/TFS-MuleAPIs-NetDocument-Services  .git,Jar,,Dev,BUILD_DEPLOY,https://artifactory.tfs.toyota.com/artifactory/easc-maven-prod-local/artifacts/services.jar,,AnyPoint,srv_easc_app
FACT0804,EAS1,TFS-MuleAPIs-Netdocument-Services  ,Not required,Not required,,Mulesoft,https://github.tfs.toyota.com/EAS-Channel-Access-Services/TFS-MuleAPIs-Netdocument-Services  .git,Jar,,Dev,BUILD_DEPLOY,https://artifactory.tfs.toyota.com/artifactory/easc-maven-prod-local/artifacts/services.jar,,AnyPoint,srv_easc_app
FACT0804,EAS1,TFS-MuleAPIs-Neustar-Account-Services  ,Not required,Not required,,Mulesoft,https://github.tfs.toyota.com/EAS-Channel-Access-Services/TFS-MuleAPIs-Neustar-Account-Services  .git,Jar,,Dev,BUILD_DEPLOY,https://artifactory.tfs.toyota.com/artifactory/easc-maven-prod-local/artifacts/account-services.jar,,AnyPoint,srv_easc_app
FACT0804,EAS1,TFS-MuleAPIs-NHTSA-Services  ,Not required,Not required,,Mulesoft,https://github.tfs.toyota.com/EAS-Channel-Access-Services/TFS-MuleAPIs-NHTSA-Services  .git,Jar,,Dev,BUILD_DEPLOY,https://artifactory.tfs.toyota.com/artifactory/easc-maven-prod-local/artifacts/services.jar,,AnyPoint,srv_easc_app
FACT0804,EAS1,TFS-MuleAPIs-Nice-Authentication  ,Not required,Not required,,Mulesoft,https://github.tfs.toyota.com/EAS-Channel-Access-Services/TFS-MuleAPIs-Nice-Authentication  .git,Jar,,Dev,BUILD_DEPLOY,https://artifactory.tfs.toyota.com/artifactory/easc-maven-prod-local/artifacts/authentication.jar,,AnyPoint,srv_easc_app
FACT0804,EAS1,TFS-MuleAPIs-NICE-BREServices-proxy  ,Not required,Not required,,Mulesoft,https://github.tfs.toyota.com/EAS-Channel-Access-Services/TFS-MuleAPIs-NICE-BREServices-proxy  .git,Jar,,Dev,BUILD_DEPLOY,https://artifactory.tfs.toyota.com/artifactory/easc-maven-prod-local/artifacts/breservices-proxy.jar,,AnyPoint,srv_easc_app
FACT0804,EAS1,TFS-MuleAPIs-Nice-Customer-Engagement-Services  ,Not required,Not required,,Mulesoft,https://github.tfs.toyota.com/EAS-Channel-Access-Services/TFS-MuleAPIs-Nice-Customer-Engagement-Services  .git,Jar,,Dev,BUILD_DEPLOY,https://artifactory.tfs.toyota.com/artifactory/easc-maven-prod-local/artifacts/customer-engagement-services.jar,,AnyPoint,srv_easc_app
FACT0804,EAS1,TFS-MuleAPIs-Notify-CDAR-status-SFDC  ,Not required,Not required,,Mulesoft,https://github.tfs.toyota.com/EAS-Channel-Access-Services/TFS-MuleAPIs-Notify-CDAR-status-SFDC  .git,Jar,,Dev,BUILD_DEPLOY,https://artifactory.tfs.toyota.com/artifactory/easc-maven-prod-local/artifacts/cdar-status-sfdc.jar,,AnyPoint,srv_easc_app
FACT0804,EAS1,TFS-MuleAPIs-OauthProvider  ,Not required,Not required,,Mulesoft,https://github.tfs.toyota.com/EAS-Channel-Access-Services/TFS-MuleAPIs-OauthProvider  .git,Jar,,Dev,BUILD_DEPLOY,https://artifactory.tfs.toyota.com/artifactory/easc-maven-prod-local/artifacts/.jar,,AnyPoint,srv_easc_app
FACT0804,EAS1,TFS-MuleAPIs-ocainboundservices  ,Not required,Not required,,Mulesoft,https://github.tfs.toyota.com/EAS-Channel-Access-Services/TFS-MuleAPIs-ocainboundservices  .git,Jar,,Dev,BUILD_DEPLOY,https://artifactory.tfs.toyota.com/artifactory/easc-maven-prod-local/artifacts/.jar,,AnyPoint,srv_easc_app
FACT0804,EAS1,TFS-MuleAPIs-Onetrust  ,Not required,Not required,,Mulesoft,https://github.tfs.toyota.com/EAS-Channel-Access-Services/TFS-MuleAPIs-Onetrust  .git,Jar,,Dev,BUILD_DEPLOY,https://artifactory.tfs.toyota.com/artifactory/easc-maven-prod-local/artifacts/.jar,,AnyPoint,srv_easc_app
FACT0804,EAS1,TFS-MuleAPIs-OnlineFinancialServices  ,Not required,Not required,,Mulesoft,https://github.tfs.toyota.com/EAS-Channel-Access-Services/TFS-MuleAPIs-OnlineFinancialServices  .git,Jar,,Dev,BUILD_DEPLOY,https://artifactory.tfs.toyota.com/artifactory/easc-maven-prod-local/artifacts/.jar,,AnyPoint,srv_easc_app
FACT0804,EAS1,TFS-MuleAPIs-Payment-RuleEngine-Service-Proxy  ,Not required,Not required,,Mulesoft,https://github.tfs.toyota.com/EAS-Channel-Access-Services/TFS-MuleAPIs-Payment-RuleEngine-Service-Proxy  .git,Jar,,Dev,BUILD_DEPLOY,https://artifactory.tfs.toyota.com/artifactory/easc-maven-prod-local/artifacts/ruleengine-service-proxy.jar,,AnyPoint,srv_easc_app
FACT0804,EAS1,TFS-MuleAPIs-PaymentHub-Services  ,Not required,Not required,,Mulesoft,https://github.tfs.toyota.com/EAS-Channel-Access-Services/TFS-MuleAPIs-PaymentHub-Services  .git,Jar,,Dev,BUILD_DEPLOY,https://artifactory.tfs.toyota.com/artifactory/easc-maven-prod-local/artifacts/services.jar,,AnyPoint,srv_easc_app
FACT0804,EAS1,TFS-MuleAPIs-PayoffQuote  ,Not required,Not required,,Mulesoft,https://github.tfs.toyota.com/EAS-Channel-Access-Services/TFS-MuleAPIs-PayoffQuote  .git,Jar,,Dev,BUILD_DEPLOY,https://artifactory.tfs.toyota.com/artifactory/easc-maven-prod-local/artifacts/.jar,,AnyPoint,srv_easc_app
FACT0804,EAS1,TFS-MuleAPIs-PE-NDM-proxy  ,Not required,Not required,,Mulesoft,https://github.tfs.toyota.com/EAS-Channel-Access-Services/TFS-MuleAPIs-PE-NDM-proxy  .git,Jar,,Dev,BUILD_DEPLOY,https://artifactory.tfs.toyota.com/artifactory/easc-maven-prod-local/artifacts/ndm-proxy.jar,,AnyPoint,srv_easc_app
FACT0804,EAS1,TFS-MuleAPIs-PresalesDealer-Services  ,Not required,Not required,,Mulesoft,https://github.tfs.toyota.com/EAS-Channel-Access-Services/TFS-MuleAPIs-PresalesDealer-Services  .git,Jar,,Dev,BUILD_DEPLOY,https://artifactory.tfs.toyota.com/artifactory/easc-maven-prod-local/artifacts/services.jar,,AnyPoint,srv_easc_app
FACT0804,EAS1,TFS-MuleAPIs-Pricing-Residual-Proxy  ,Not required,Not required,,Mulesoft,https://github.tfs.toyota.com/EAS-Channel-Access-Services/TFS-MuleAPIs-Pricing-Residual-Proxy  .git,Jar,,Dev,BUILD_DEPLOY,https://artifactory.tfs.toyota.com/artifactory/easc-maven-prod-local/artifacts/residual-proxy.jar,,AnyPoint,srv_easc_app
FACT0804,EAS1,TFS-MuleAPIs-Pricing-Residual-Service  ,Not required,Not required,,Mulesoft,https://github.tfs.toyota.com/EAS-Channel-Access-Services/TFS-MuleAPIs-Pricing-Residual-Service  .git,Jar,,Dev,BUILD_DEPLOY,https://artifactory.tfs.toyota.com/artifactory/easc-maven-prod-local/artifacts/residual-service.jar,,AnyPoint,srv_easc_app
FACT0804,EAS1,TFS-MuleAPIs-Privacy_CustomerServiceRequestCreation-proxy  ,Not required,Not required,,Mulesoft,https://github.tfs.toyota.com/EAS-Channel-Access-Services/TFS-MuleAPIs-Privacy_CustomerServiceRequestCreation-proxy  .git,Jar,,Dev,BUILD_DEPLOY,https://artifactory.tfs.toyota.com/artifactory/easc-maven-prod-local/artifacts/proxy.jar,,AnyPoint,srv_easc_app
FACT0804,EAS1,TFS-MuleAPIs-PromiseTracker  ,Not required,Not required,,Mulesoft,https://github.tfs.toyota.com/EAS-Channel-Access-Services/TFS-MuleAPIs-PromiseTracker  .git,Jar,,Dev,BUILD_DEPLOY,https://artifactory.tfs.toyota.com/artifactory/easc-maven-prod-local/artifacts/.jar,,AnyPoint,srv_easc_app
FACT0804,EAS1,TFS-MuleAPIs-PROXY  ,Not required,Not required,,Mulesoft,https://github.tfs.toyota.com/EAS-Channel-Access-Services/TFS-MuleAPIs-PROXY  .git,Jar,,Dev,BUILD_DEPLOY,https://artifactory.tfs.toyota.com/artifactory/easc-maven-prod-local/artifacts/.jar,,AnyPoint,srv_easc_app
FACT0804,EAS1,TFS-MuleAPIs-QRadar-SysLogger-proxy  ,Not required,Not required,,Mulesoft,https://github.tfs.toyota.com/EAS-Channel-Access-Services/TFS-MuleAPIs-QRadar-SysLogger-proxy  .git,Jar,,Dev,BUILD_DEPLOY,https://artifactory.tfs.toyota.com/artifactory/easc-maven-prod-local/artifacts/syslogger-proxy.jar,,AnyPoint,srv_easc_app
FACT0804,EAS1,TFS-MuleAPIs-QuoteServices  ,Not required,Not required,,Mulesoft,https://github.tfs.toyota.com/EAS-Channel-Access-Services/TFS-MuleAPIs-QuoteServices  .git,Jar,,Dev,BUILD_DEPLOY,https://artifactory.tfs.toyota.com/artifactory/easc-maven-prod-local/artifacts/.jar,,AnyPoint,srv_easc_app
FACT0804,EAS1,TFS-MuleAPIs-RateLookup-proxy  ,Not required,Not required,,Mulesoft,https://github.tfs.toyota.com/EAS-Channel-Access-Services/TFS-MuleAPIs-RateLookup-proxy  .git,Jar,,Dev,BUILD_DEPLOY,https://artifactory.tfs.toyota.com/artifactory/easc-maven-prod-local/artifacts/proxy.jar,,AnyPoint,srv_easc_app
FACT0804,EAS1,TFS-MuleAPIs-Residuals-Upload-Services  ,Not required,Not required,,Mulesoft,https://github.tfs.toyota.com/EAS-Channel-Access-Services/TFS-MuleAPIs-Residuals-Upload-Services  .git,Jar,,Dev,BUILD_DEPLOY,https://artifactory.tfs.toyota.com/artifactory/easc-maven-prod-local/artifacts/upload-services.jar,,AnyPoint,srv_easc_app
FACT0804,EAS1,TFS-MuleAPIs-RetailPaymentExtension  ,Not required,Not required,,Mulesoft,https://github.tfs.toyota.com/EAS-Channel-Access-Services/TFS-MuleAPIs-RetailPaymentExtension  .git,Jar,,Dev,BUILD_DEPLOY,https://artifactory.tfs.toyota.com/artifactory/easc-maven-prod-local/artifacts/.jar,,AnyPoint,srv_easc_app
FACT0804,EAS1,TFS-MuleAPIs-RouteOnePNIServices  ,Not required,Not required,,Mulesoft,https://github.tfs.toyota.com/EAS-Channel-Access-Services/TFS-MuleAPIs-RouteOnePNIServices  .git,Jar,,Dev,BUILD_DEPLOY,https://artifactory.tfs.toyota.com/artifactory/easc-maven-prod-local/artifacts/.jar,,AnyPoint,srv_easc_app
FACT0804,EAS1,TFS-MuleAPIs-RouteOneServices  ,Not required,Not required,,Mulesoft,https://github.tfs.toyota.com/EAS-Channel-Access-Services/TFS-MuleAPIs-RouteOneServices  .git,Jar,,Dev,BUILD_DEPLOY,https://artifactory.tfs.toyota.com/artifactory/easc-maven-prod-local/artifacts/.jar,,AnyPoint,srv_easc_app
FACT0804,EAS1,TFS-MuleAPIs-RouteOneWEBServices  ,Not required,Not required,,Mulesoft,https://github.tfs.toyota.com/EAS-Channel-Access-Services/TFS-MuleAPIs-RouteOneWEBServices  .git,Jar,,Dev,BUILD_DEPLOY,https://artifactory.tfs.toyota.com/artifactory/easc-maven-prod-local/artifacts/.jar,,AnyPoint,srv_easc_app
FACT0804,EAS1,TFS-MuleAPIs-RPAServices  ,Not required,Not required,,Mulesoft,https://github.tfs.toyota.com/EAS-Channel-Access-Services/TFS-MuleAPIs-RPAServices  .git,Jar,,Dev,BUILD_DEPLOY,https://artifactory.tfs.toyota.com/artifactory/easc-maven-prod-local/artifacts/.jar,,AnyPoint,srv_easc_app
FACT0804,EAS1,TFS-MuleAPIs-Rule-Engine-Services  ,Not required,Not required,,Mulesoft,https://github.tfs.toyota.com/EAS-Channel-Access-Services/TFS-MuleAPIs-Rule-Engine-Services  .git,Jar,,Dev,BUILD_DEPLOY,https://artifactory.tfs.toyota.com/artifactory/easc-maven-prod-local/artifacts/engine-services.jar,,AnyPoint,srv_easc_app
FACT0804,EAS1,TFS-MuleAPIs-Sagent-Proxy  ,Not required,Not required,,Mulesoft,https://github.tfs.toyota.com/EAS-Channel-Access-Services/TFS-MuleAPIs-Sagent-Proxy  .git,Jar,,Dev,BUILD_DEPLOY,https://artifactory.tfs.toyota.com/artifactory/easc-maven-prod-local/artifacts/proxy.jar,,AnyPoint,srv_easc_app
FACT0804,EAS1,TFS-MuleAPIs-SalesLateChargeWaiver  ,Not required,Not required,,Mulesoft,https://github.tfs.toyota.com/EAS-Channel-Access-Services/TFS-MuleAPIs-SalesLateChargeWaiver  .git,Jar,,Dev,BUILD_DEPLOY,https://artifactory.tfs.toyota.com/artifactory/easc-maven-prod-local/artifacts/.jar,,AnyPoint,srv_easc_app
FACT0804,EAS1,TFS-MuleAPIs-SAP-Ariba-Services  ,Not required,Not required,,Mulesoft,https://github.tfs.toyota.com/EAS-Channel-Access-Services/TFS-MuleAPIs-SAP-Ariba-Services  .git,Jar,,Dev,BUILD_DEPLOY,https://artifactory.tfs.toyota.com/artifactory/easc-maven-prod-local/artifacts/ariba-services.jar,,AnyPoint,srv_easc_app
FACT0804,EAS1,TFS-MuleAPIs-SAP_DealerStatement  ,Not required,Not required,,Mulesoft,https://github.tfs.toyota.com/EAS-Channel-Access-Services/TFS-MuleAPIs-SAP_DealerStatement  .git,Jar,,Dev,BUILD_DEPLOY,https://artifactory.tfs.toyota.com/artifactory/easc-maven-prod-local/artifacts/.jar,,AnyPoint,srv_easc_app
FACT0804,EAS1,TFS-MuleAPIs-SAP_DealerStatements  ,Not required,Not required,,Mulesoft,https://github.tfs.toyota.com/EAS-Channel-Access-Services/TFS-MuleAPIs-SAP_DealerStatements  .git,Jar,,Dev,BUILD_DEPLOY,https://artifactory.tfs.toyota.com/artifactory/easc-maven-prod-local/artifacts/.jar,,AnyPoint,srv_easc_app
FACT0804,EAS1,TFS-MuleAPIs-SAP_HANA-FICO  ,Not required,Not required,,Mulesoft,https://github.tfs.toyota.com/EAS-Channel-Access-Services/TFS-MuleAPIs-SAP_HANA-FICO  .git,Jar,,Dev,BUILD_DEPLOY,https://artifactory.tfs.toyota.com/artifactory/easc-maven-prod-local/artifacts/fico.jar,,AnyPoint,srv_easc_app
FACT0804,EAS1,TFS-MuleAPIs-SAP_HANA-FICO-App  ,Not required,Not required,,Mulesoft,https://github.tfs.toyota.com/EAS-Channel-Access-Services/TFS-MuleAPIs-SAP_HANA-FICO-App  .git,Jar,,Dev,BUILD_DEPLOY,https://artifactory.tfs.toyota.com/artifactory/easc-maven-prod-local/artifacts/fico-app.jar,,AnyPoint,srv_easc_app
FACT0804,EAS1,TFS-MuleAPIs-Schedule_Payemnts-proxy  ,Not required,Not required,,Mulesoft,https://github.tfs.toyota.com/EAS-Channel-Access-Services/TFS-MuleAPIs-Schedule_Payemnts-proxy  .git,Jar,,Dev,BUILD_DEPLOY,https://artifactory.tfs.toyota.com/artifactory/easc-maven-prod-local/artifacts/proxy.jar,,AnyPoint,srv_easc_app
FACT0804,EAS1,TFS-MuleAPIs-SFDC_Taskcreation  ,Not required,Not required,,Mulesoft,https://github.tfs.toyota.com/EAS-Channel-Access-Services/TFS-MuleAPIs-SFDC_Taskcreation  .git,Jar,,Dev,BUILD_DEPLOY,https://artifactory.tfs.toyota.com/artifactory/easc-maven-prod-local/artifacts/.jar,,AnyPoint,srv_easc_app
FACT0804,EAS1,TFS-MuleAPIs-SFDCLookupService  ,Not required,Not required,,Mulesoft,https://github.tfs.toyota.com/EAS-Channel-Access-Services/TFS-MuleAPIs-SFDCLookupService  .git,Jar,,Dev,BUILD_DEPLOY,https://artifactory.tfs.toyota.com/artifactory/easc-maven-prod-local/artifacts/.jar,,AnyPoint,srv_easc_app
FACT0804,EAS1,TFS-MuleAPIs-SFDCLookupService-Proxy  ,Not required,Not required,,Mulesoft,https://github.tfs.toyota.com/EAS-Channel-Access-Services/TFS-MuleAPIs-SFDCLookupService-Proxy  .git,Jar,,Dev,BUILD_DEPLOY,https://artifactory.tfs.toyota.com/artifactory/easc-maven-prod-local/artifacts/proxy.jar,,AnyPoint,srv_easc_app
FACT0804,EAS1,TFS-MuleAPIs-SGI-Services  ,Not required,Not required,,Mulesoft,https://github.tfs.toyota.com/EAS-Channel-Access-Services/TFS-MuleAPIs-SGI-Services  .git,Jar,,Dev,BUILD_DEPLOY,https://artifactory.tfs.toyota.com/artifactory/easc-maven-prod-local/artifacts/services.jar,,AnyPoint,srv_easc_app
FACT0804,EAS1,TFS-MuleAPIs-ShawPaymentExtension  ,Not required,Not required,,Mulesoft,https://github.tfs.toyota.com/EAS-Channel-Access-Services/TFS-MuleAPIs-ShawPaymentExtension  .git,Jar,,Dev,BUILD_DEPLOY,https://artifactory.tfs.toyota.com/artifactory/easc-maven-prod-local/artifacts/.jar,,AnyPoint,srv_easc_app
FACT0804,EAS1,TFS-MuleAPIs-ShuttleTrackingServices  ,Not required,Not required,,Mulesoft,https://github.tfs.toyota.com/EAS-Channel-Access-Services/TFS-MuleAPIs-ShuttleTrackingServices  .git,Jar,,Dev,BUILD_DEPLOY,https://artifactory.tfs.toyota.com/artifactory/easc-maven-prod-local/artifacts/.jar,,AnyPoint,srv_easc_app
FACT0804,EAS1,TFS-MuleAPIs-SI-Idea-Services  ,Not required,Not required,,Mulesoft,https://github.tfs.toyota.com/EAS-Channel-Access-Services/TFS-MuleAPIs-SI-Idea-Services  .git,Jar,,Dev,BUILD_DEPLOY,https://artifactory.tfs.toyota.com/artifactory/easc-maven-prod-local/artifacts/idea-services.jar,,AnyPoint,srv_easc_app
FACT0804,EAS1,TFS-MuleAPIs-Signal-proxy  ,Not required,Not required,,Mulesoft,https://github.tfs.toyota.com/EAS-Channel-Access-Services/TFS-MuleAPIs-Signal-proxy  .git,Jar,,Dev,BUILD_DEPLOY,https://artifactory.tfs.toyota.com/artifactory/easc-maven-prod-local/artifacts/proxy.jar,,AnyPoint,srv_easc_app
FACT0804,EAS1,TFS-MuleAPIs-SM-Auth-Provider  ,Not required,Not required,,Mulesoft,https://github.tfs.toyota.com/EAS-Channel-Access-Services/TFS-MuleAPIs-SM-Auth-Provider  .git,Jar,,Dev,BUILD_DEPLOY,https://artifactory.tfs.toyota.com/artifactory/easc-maven-prod-local/artifacts/auth-provider.jar,,AnyPoint,srv_easc_app
FACT0804,EAS1,TFS-MuleAPIs-SOA-AutoTerming  ,Not required,Not required,,Mulesoft,https://github.tfs.toyota.com/EAS-Channel-Access-Services/TFS-MuleAPIs-SOA-AutoTerming  .git,Jar,,Dev,BUILD_DEPLOY,https://artifactory.tfs.toyota.com/artifactory/easc-maven-prod-local/artifacts/autoterming.jar,,AnyPoint,srv_easc_app
FACT0804,EAS1,TFS-MuleAPIs-SPARC-SERVICES  ,Not required,Not required,,Mulesoft,https://github.tfs.toyota.com/EAS-Channel-Access-Services/TFS-MuleAPIs-SPARC-SERVICES  .git,Jar,,Dev,BUILD_DEPLOY,https://artifactory.tfs.toyota.com/artifactory/easc-maven-prod-local/artifacts/services.jar,,AnyPoint,srv_easc_app
FACT0804,EAS1,TFS-MuleAPIs-SpareLabs-Services  ,Not required,Not required,,Mulesoft,https://github.tfs.toyota.com/EAS-Channel-Access-Services/TFS-MuleAPIs-SpareLabs-Services  .git,Jar,,Dev,BUILD_DEPLOY,https://artifactory.tfs.toyota.com/artifactory/easc-maven-prod-local/artifacts/services.jar,,AnyPoint,srv_easc_app
FACT0804,EAS1,TFS-MuleAPIs-SRM-Lead-Services  ,Not required,Not required,,Mulesoft,https://github.tfs.toyota.com/EAS-Channel-Access-Services/TFS-MuleAPIs-SRM-Lead-Services  .git,Jar,,Dev,BUILD_DEPLOY,https://artifactory.tfs.toyota.com/artifactory/easc-maven-prod-local/artifacts/lead-services.jar,,AnyPoint,srv_easc_app
FACT0804,EAS1,TFS-MuleAPIs-StateTransfer  ,Not required,Not required,,Mulesoft,https://github.tfs.toyota.com/EAS-Channel-Access-Services/TFS-MuleAPIs-StateTransfer  .git,Jar,,Dev,BUILD_DEPLOY,https://artifactory.tfs.toyota.com/artifactory/easc-maven-prod-local/artifacts/.jar,,AnyPoint,srv_easc_app
FACT0804,EAS1,TFS-MuleAPIs-Stoneeagle-InsuranceRates-Services  ,Not required,Not required,,Mulesoft,https://github.tfs.toyota.com/EAS-Channel-Access-Services/TFS-MuleAPIs-Stoneeagle-InsuranceRates-Services  .git,Jar,,Dev,BUILD_DEPLOY,https://artifactory.tfs.toyota.com/artifactory/easc-maven-prod-local/artifacts/insurancerates-services.jar,,AnyPoint,srv_easc_app
FACT0804,EAS1,TFS-MuleAPIs-StoneEagle-Proxy  ,Not required,Not required,,Mulesoft,https://github.tfs.toyota.com/EAS-Channel-Access-Services/TFS-MuleAPIs-StoneEagle-Proxy  .git,Jar,,Dev,BUILD_DEPLOY,https://artifactory.tfs.toyota.com/artifactory/easc-maven-prod-local/artifacts/proxy.jar,,AnyPoint,srv_easc_app
FACT0804,EAS1,TFS-MuleAPIs-STRATUS-Callmenow  ,Not required,Not required,,Mulesoft,https://github.tfs.toyota.com/EAS-Channel-Access-Services/TFS-MuleAPIs-STRATUS-Callmenow  .git,Jar,,Dev,BUILD_DEPLOY,https://artifactory.tfs.toyota.com/artifactory/easc-maven-prod-local/artifacts/callmenow.jar,,AnyPoint,srv_easc_app
FACT0804,EAS1,TFS-MuleAPIs-SupportCenter  ,Not required,Not required,,Mulesoft,https://github.tfs.toyota.com/EAS-Channel-Access-Services/TFS-MuleAPIs-SupportCenter  .git,Jar,,Dev,BUILD_DEPLOY,https://artifactory.tfs.toyota.com/artifactory/easc-maven-prod-local/artifacts/.jar,,AnyPoint,srv_easc_app
FACT0804,EAS1,TFS-MuleAPIs-System-OAuth-Provider  ,Not required,Not required,,Mulesoft,https://github.tfs.toyota.com/EAS-Channel-Access-Services/TFS-MuleAPIs-System-OAuth-Provider  .git,Jar,,Dev,BUILD_DEPLOY,https://artifactory.tfs.toyota.com/artifactory/easc-maven-prod-local/artifacts/oauth-provider.jar,,AnyPoint,srv_easc_app
FACT0804,EAS1,TFS-MuleAPIs-TDM-Investors  ,Not required,Not required,,Mulesoft,https://github.tfs.toyota.com/EAS-Channel-Access-Services/TFS-MuleAPIs-TDM-Investors  .git,Jar,,Dev,BUILD_DEPLOY,https://artifactory.tfs.toyota.com/artifactory/easc-maven-prod-local/artifacts/investors.jar,,AnyPoint,srv_easc_app
FACT0804,EAS1,TFS-MuleAPIs-TeamConnect  ,Not required,Not required,,Mulesoft,https://github.tfs.toyota.com/EAS-Channel-Access-Services/TFS-MuleAPIs-TeamConnect  .git,Jar,,Dev,BUILD_DEPLOY,https://artifactory.tfs.toyota.com/artifactory/easc-maven-prod-local/artifacts/.jar,,AnyPoint,srv_easc_app
FACT0804,EAS1,TFS-MuleAPIs-Tenant-DataFullfillmentservices  ,Not required,Not required,,Mulesoft,https://github.tfs.toyota.com/EAS-Channel-Access-Services/TFS-MuleAPIs-Tenant-DataFullfillmentservices  .git,Jar,,Dev,BUILD_DEPLOY,https://artifactory.tfs.toyota.com/artifactory/easc-maven-prod-local/artifacts/datafullfillmentservices.jar,,AnyPoint,srv_easc_app
FACT0804,EAS1,TFS-MuleAPIs-TenantServicesProxy  ,Not required,Not required,,Mulesoft,https://github.tfs.toyota.com/EAS-Channel-Access-Services/TFS-MuleAPIs-TenantServicesProxy  .git,Jar,,Dev,BUILD_DEPLOY,https://artifactory.tfs.toyota.com/artifactory/easc-maven-prod-local/artifacts/.jar,,AnyPoint,srv_easc_app
FACT0804,EAS1,TFS-MuleAPIs-TEST_CICD  ,Not required,Not required,,Mulesoft,https://github.tfs.toyota.com/EAS-Channel-Access-Services/TFS-MuleAPIs-TEST_CICD  .git,Jar,,Dev,BUILD_DEPLOY,https://artifactory.tfs.toyota.com/artifactory/easc-maven-prod-local/artifacts/.jar,,AnyPoint,srv_easc_app
FACT0804,EAS1,TFS-MuleAPIs-TFS_MFIN  ,Not required,Not required,,Mulesoft,https://github.tfs.toyota.com/EAS-Channel-Access-Services/TFS-MuleAPIs-TFS_MFIN  .git,Jar,,Dev,BUILD_DEPLOY,https://artifactory.tfs.toyota.com/artifactory/easc-maven-prod-local/artifacts/.jar,,AnyPoint,srv_easc_app
FACT0804,EAS1,TFS-MuleAPIs-TFSBank-Services-Proxy  ,Not required,Not required,,Mulesoft,https://github.tfs.toyota.com/EAS-Channel-Access-Services/TFS-MuleAPIs-TFSBank-Services-Proxy  .git,Jar,,Dev,BUILD_DEPLOY,https://artifactory.tfs.toyota.com/artifactory/easc-maven-prod-local/artifacts/services-proxy.jar,,AnyPoint,srv_easc_app
FACT0804,EAS1,TFS-MuleAPIs-ThirdPartProxy  ,Not required,Not required,,Mulesoft,https://github.tfs.toyota.com/EAS-Channel-Access-Services/TFS-MuleAPIs-ThirdPartProxy  .git,Jar,,Dev,BUILD_DEPLOY,https://artifactory.tfs.toyota.com/artifactory/easc-maven-prod-local/artifacts/.jar,,AnyPoint,srv_easc_app
FACT0804,EAS1,TFS-MuleAPIs-TicketingServices  ,Not required,Not required,,Mulesoft,https://github.tfs.toyota.com/EAS-Channel-Access-Services/TFS-MuleAPIs-TicketingServices  .git,Jar,,Dev,BUILD_DEPLOY,https://artifactory.tfs.toyota.com/artifactory/easc-maven-prod-local/artifacts/.jar,,AnyPoint,srv_easc_app
FACT0804,EAS1,TFS-MuleAPIs-TIMSQuoteAPI  ,Not required,Not required,,Mulesoft,https://github.tfs.toyota.com/EAS-Channel-Access-Services/TFS-MuleAPIs-TIMSQuoteAPI  .git,Jar,,Dev,BUILD_DEPLOY,https://artifactory.tfs.toyota.com/artifactory/easc-maven-prod-local/artifacts/.jar,,AnyPoint,srv_easc_app
FACT0804,EAS1,TFS-MuleAPIs-TMCC-CustomerDataFullfillment  ,Not required,Not required,,Mulesoft,https://github.tfs.toyota.com/EAS-Channel-Access-Services/TFS-MuleAPIs-TMCC-CustomerDataFullfillment  .git,Jar,,Dev,BUILD_DEPLOY,https://artifactory.tfs.toyota.com/artifactory/easc-maven-prod-local/artifacts/customerdatafullfillment.jar,,AnyPoint,srv_easc_app
FACT0804,EAS1,TFS-MuleAPIs-TMCC-CustomerDemographicLookup-Proxy  ,Not required,Not required,,Mulesoft,https://github.tfs.toyota.com/EAS-Channel-Access-Services/TFS-MuleAPIs-TMCC-CustomerDemographicLookup-Proxy  .git,Jar,,Dev,BUILD_DEPLOY,https://artifactory.tfs.toyota.com/artifactory/easc-maven-prod-local/artifacts/customerdemographiclookup-proxy.jar,,AnyPoint,srv_easc_app
FACT0804,EAS1,TFS-MuleAPIs-TMIS-Customer-DemographicLookup  ,Not required,Not required,,Mulesoft,https://github.tfs.toyota.com/EAS-Channel-Access-Services/TFS-MuleAPIs-TMIS-Customer-DemographicLookup  .git,Jar,,Dev,BUILD_DEPLOY,https://artifactory.tfs.toyota.com/artifactory/easc-maven-prod-local/artifacts/customer-demographiclookup.jar,,AnyPoint,srv_easc_app
FACT0804,EAS1,TFS-MuleAPIs-TMNA-Consumer-Login-Services  ,Not required,Not required,,Mulesoft,https://github.tfs.toyota.com/EAS-Channel-Access-Services/TFS-MuleAPIs-TMNA-Consumer-Login-Services  .git,Jar,,Dev,BUILD_DEPLOY,https://artifactory.tfs.toyota.com/artifactory/easc-maven-prod-local/artifacts/consumer-login-services.jar,,AnyPoint,srv_easc_app
FACT0804,EAS1,TFS-MuleAPIs-TMNAFinanceServices  ,Not required,Not required,,Mulesoft,https://github.tfs.toyota.com/EAS-Channel-Access-Services/TFS-MuleAPIs-TMNAFinanceServices  .git,Jar,,Dev,BUILD_DEPLOY,https://artifactory.tfs.toyota.com/artifactory/easc-maven-prod-local/artifacts/.jar,,AnyPoint,srv_easc_app
FACT0804,EAS1,TFS-MuleAPIs-TMNATapWorkflowAutomation  ,Not required,Not required,,Mulesoft,https://github.tfs.toyota.com/EAS-Channel-Access-Services/TFS-MuleAPIs-TMNATapWorkflowAutomation  .git,Jar,,Dev,BUILD_DEPLOY,https://artifactory.tfs.toyota.com/artifactory/easc-maven-prod-local/artifacts/.jar,,AnyPoint,srv_easc_app
FACT0804,EAS1,TFS-MuleAPIs-ToyotaConnectedServices  ,Not required,Not required,,Mulesoft,https://github.tfs.toyota.com/EAS-Channel-Access-Services/TFS-MuleAPIs-ToyotaConnectedServices  .git,Jar,,Dev,BUILD_DEPLOY,https://artifactory.tfs.toyota.com/artifactory/easc-maven-prod-local/artifacts/.jar,,AnyPoint,srv_easc_app
FACT0804,EAS1,TFS-MuleAPIs-UberServices  ,Not required,Not required,,Mulesoft,https://github.tfs.toyota.com/EAS-Channel-Access-Services/TFS-MuleAPIs-UberServices  .git,Jar,,Dev,BUILD_DEPLOY,https://artifactory.tfs.toyota.com/artifactory/easc-maven-prod-local/artifacts/.jar,,AnyPoint,srv_easc_app
FACT0804,EAS1,TFS-MuleAPIs-UMVM-Vehicle-Attributes  ,Not required,Not required,,Mulesoft,https://github.tfs.toyota.com/EAS-Channel-Access-Services/TFS-MuleAPIs-UMVM-Vehicle-Attributes  .git,Jar,,Dev,BUILD_DEPLOY,https://artifactory.tfs.toyota.com/artifactory/easc-maven-prod-local/artifacts/vehicle-attributes.jar,,AnyPoint,srv_easc_app
FACT0804,EAS1,TFS-MuleAPIs-Universal-Market-Value-Model-Api  ,Not required,Not required,,Mulesoft,https://github.tfs.toyota.com/EAS-Channel-Access-Services/TFS-MuleAPIs-Universal-Market-Value-Model-Api  .git,Jar,,Dev,BUILD_DEPLOY,https://artifactory.tfs.toyota.com/artifactory/easc-maven-prod-local/artifacts/market-value-model-api.jar,,AnyPoint,srv_easc_app
FACT0804,EAS1,TFS-MuleAPIs-UploadDocuments  ,Not required,Not required,,Mulesoft,https://github.tfs.toyota.com/EAS-Channel-Access-Services/TFS-MuleAPIs-UploadDocuments  .git,Jar,,Dev,BUILD_DEPLOY,https://artifactory.tfs.toyota.com/artifactory/easc-maven-prod-local/artifacts/.jar,,AnyPoint,srv_easc_app
FACT0804,EAS1,TFS-MuleAPIs-Vehicle-Content-Services  ,Not required,Not required,,Mulesoft,https://github.tfs.toyota.com/EAS-Channel-Access-Services/TFS-MuleAPIs-Vehicle-Content-Services  .git,Jar,,Dev,BUILD_DEPLOY,https://artifactory.tfs.toyota.com/artifactory/easc-maven-prod-local/artifacts/content-services.jar,,AnyPoint,srv_easc_app
FACT0804,EAS1,TFS-MuleAPIs-Vehicle-Payoff-Lookup-Service  ,Not required,Not required,,Mulesoft,https://github.tfs.toyota.com/EAS-Channel-Access-Services/TFS-MuleAPIs-Vehicle-Payoff-Lookup-Service  .git,Jar,,Dev,BUILD_DEPLOY,https://artifactory.tfs.toyota.com/artifactory/easc-maven-prod-local/artifacts/payoff-lookup-service.jar,,AnyPoint,srv_easc_app
FACT0804,EAS1,TFS-MuleAPIs-Vehicle-Protection-Services-proxy  ,Not required,Not required,,Mulesoft,https://github.tfs.toyota.com/EAS-Channel-Access-Services/TFS-MuleAPIs-Vehicle-Protection-Services-proxy  .git,Jar,,Dev,BUILD_DEPLOY,https://artifactory.tfs.toyota.com/artifactory/easc-maven-prod-local/artifacts/protection-services-proxy.jar,,AnyPoint,srv_easc_app
FACT0804,EAS1,TFS-MuleAPIs-VehicleInspection-Services  ,Not required,Not required,,Mulesoft,https://github.tfs.toyota.com/EAS-Channel-Access-Services/TFS-MuleAPIs-VehicleInspection-Services  .git,Jar,,Dev,BUILD_DEPLOY,https://artifactory.tfs.toyota.com/artifactory/easc-maven-prod-local/artifacts/services.jar,,AnyPoint,srv_easc_app
FACT0804,EAS1,TFS-MuleAPIs-VehicleLeaseDeferralFee  ,Not required,Not required,,Mulesoft,https://github.tfs.toyota.com/EAS-Channel-Access-Services/TFS-MuleAPIs-VehicleLeaseDeferralFee  .git,Jar,,Dev,BUILD_DEPLOY,https://artifactory.tfs.toyota.com/artifactory/easc-maven-prod-local/artifacts/.jar,,AnyPoint,srv_easc_app
FACT0804,EAS1,TFS-MuleAPIs-VehicleProtectionPlanPortal  ,Not required,Not required,,Mulesoft,https://github.tfs.toyota.com/EAS-Channel-Access-Services/TFS-MuleAPIs-VehicleProtectionPlanPortal  .git,Jar,,Dev,BUILD_DEPLOY,https://artifactory.tfs.toyota.com/artifactory/easc-maven-prod-local/artifacts/.jar,,AnyPoint,srv_easc_app
FACT0804,EAS1,TFS-MuleAPIs-Vertex7Services  ,Not required,Not required,,Mulesoft,https://github.tfs.toyota.com/EAS-Channel-Access-Services/TFS-MuleAPIs-Vertex7Services  .git,Jar,,Dev,BUILD_DEPLOY,https://artifactory.tfs.toyota.com/artifactory/easc-maven-prod-local/artifacts/.jar,,AnyPoint,srv_easc_app
FACT0804,EAS1,TFS-MuleAPIs-VertexServices  ,Not required,Not required,,Mulesoft,https://github.tfs.toyota.com/EAS-Channel-Access-Services/TFS-MuleAPIs-VertexServices  .git,Jar,,Dev,BUILD_DEPLOY,https://artifactory.tfs.toyota.com/artifactory/easc-maven-prod-local/artifacts/.jar,,AnyPoint,srv_easc_app
FACT0804,EAS1,TFS-MuleAPIs-VININFO  ,Not required,Not required,,Mulesoft,https://github.tfs.toyota.com/EAS-Channel-Access-Services/TFS-MuleAPIs-VININFO  .git,Jar,,Dev,BUILD_DEPLOY,https://artifactory.tfs.toyota.com/artifactory/easc-maven-prod-local/artifacts/.jar,,AnyPoint,srv_easc_app
FACT0804,EAS1,TFS-MuleAPIs-Web-Login-Services  ,Not required,Not required,,Mulesoft,https://github.tfs.toyota.com/EAS-Channel-Access-Services/TFS-MuleAPIs-Web-Login-Services  .git,Jar,,Dev,BUILD_DEPLOY,https://artifactory.tfs.toyota.com/artifactory/easc-maven-prod-local/artifacts/login-services.jar,,AnyPoint,srv_easc_app
FACT0804,EAS1,TFS-MuleAPIs-WebAccept  ,Not required,Not required,,Mulesoft,https://github.tfs.toyota.com/EAS-Channel-Access-Services/TFS-MuleAPIs-WebAccept  .git,Jar,,Dev,BUILD_DEPLOY,https://artifactory.tfs.toyota.com/artifactory/easc-maven-prod-local/artifacts/.jar,,AnyPoint,srv_easc_app
FACT0804,EAS1,TFS-MuleAPIs-WebAccept-Proxy  ,Not required,Not required,,Mulesoft,https://github.tfs.toyota.com/EAS-Channel-Access-Services/TFS-MuleAPIs-WebAccept-Proxy  .git,Jar,,Dev,BUILD_DEPLOY,https://artifactory.tfs.toyota.com/artifactory/easc-maven-prod-local/artifacts/proxy.jar,,AnyPoint,srv_easc_app
FACT0804,EAS1,TFS-MuleAPIs-Wholesale-Employees-UserAggregateAPI  ,Not required,Not required,,Mulesoft,https://github.tfs.toyota.com/EAS-Channel-Access-Services/TFS-MuleAPIs-Wholesale-Employees-UserAggregateAPI  .git,Jar,,Dev,BUILD_DEPLOY,https://artifactory.tfs.toyota.com/artifactory/easc-maven-prod-local/artifacts/employees-useraggregateapi.jar,,AnyPoint,srv_easc_app
FACT0804,EAS1,TFS-MuleAPIs-WholesaleAmount  ,Not required,Not required,,Mulesoft,https://github.tfs.toyota.com/EAS-Channel-Access-Services/TFS-MuleAPIs-WholesaleAmount  .git,Jar,,Dev,BUILD_DEPLOY,https://artifactory.tfs.toyota.com/artifactory/easc-maven-prod-local/artifacts/.jar,,AnyPoint,srv_easc_app
FACT0804,EAS1,TFS-MuleAPIs-WholesalePayoffBalance  ,Not required,Not required,,Mulesoft,https://github.tfs.toyota.com/EAS-Channel-Access-Services/TFS-MuleAPIs-WholesalePayoffBalance  .git,Jar,,Dev,BUILD_DEPLOY,https://artifactory.tfs.toyota.com/artifactory/easc-maven-prod-local/artifacts/.jar,,AnyPoint,srv_easc_app
FACT0804,EAS1,TFS-MuleAPIs-WU-PaymentService  ,Not required,Not required,,Mulesoft,https://github.tfs.toyota.com/EAS-Channel-Access-Services/TFS-MuleAPIs-WU-PaymentService  .git,Jar,,Dev,BUILD_DEPLOY,https://artifactory.tfs.toyota.com/artifactory/easc-maven-prod-local/artifacts/paymentservice.jar,,AnyPoint,srv_easc_app
FACT0804,EAS1,TFS-MuleAPIs-WU-PaymentServices-proxy  ,Not required,Not required,,Mulesoft,https://github.tfs.toyota.com/EAS-Channel-Access-Services/TFS-MuleAPIs-WU-PaymentServices-proxy  .git,Jar,,Dev,BUILD_DEPLOY,https://artifactory.tfs.toyota.com/artifactory/easc-maven-prod-local/artifacts/paymentservices-proxy.jar,,AnyPoint,srv_easc_app
FACT0804,EAS1,TFS-MuleAPIs-XREF-Services  ,Not required,Not required,,Mulesoft,https://github.tfs.toyota.com/EAS-Channel-Access-Services/TFS-MuleAPIs-XREF-Services  .git,Jar,,Dev,BUILD_DEPLOY,https://artifactory.tfs.toyota.com/artifactory/easc-maven-prod-local/artifacts/services.jar,,AnyPoint,srv_easc_app
FACT0804,EAS1,TFS-MuleAPIs-XREFBooking-Services  ,Not required,Not required,,Mulesoft,https://github.tfs.toyota.com/EAS-Channel-Access-Services/TFS-MuleAPIs-XREFBooking-Services  .git,Jar,,Dev,BUILD_DEPLOY,https://artifactory.tfs.toyota.com/artifactory/easc-maven-prod-local/artifacts/services.jar,,AnyPoint,srv_easc_app
FACT0804,EAS1,TFS-MuleAPIs-ZdiscoveryLegalHoldsManagement  ,Not required,Not required,,Mulesoft,https://github.tfs.toyota.com/EAS-Channel-Access-Services/TFS-MuleAPIs-ZdiscoveryLegalHoldsManagement  .git,Jar,,Dev,BUILD_DEPLOY,https://artifactory.tfs.toyota.com/artifactory/easc-maven-prod-local/artifacts/.jar,,AnyPoint,srv_easc_app
FACT0804,EAS1,TFS-MuleAPIs-Zodiac-Case-Manager  ,Not required,Not required,,Mulesoft,https://github.tfs.toyota.com/EAS-Channel-Access-Services/TFS-MuleAPIs-Zodiac-Case-Manager  .git,Jar,,Dev,BUILD_DEPLOY,https://artifactory.tfs.toyota.com/artifactory/easc-maven-prod-local/artifacts/case-manager.jar,,AnyPoint,srv_easc_app
FACT0804,EAS1,TFS-MuleAPIs-ZosLateChargeWaiverProxy  ,Not required,Not required,,Mulesoft,https://github.tfs.toyota.com/EAS-Channel-Access-Services/TFS-MuleAPIs-ZosLateChargeWaiverProxy  .git,Jar,,Dev,BUILD_DEPLOY,https://artifactory.tfs.toyota.com/artifactory/easc-maven-prod-local/artifacts/.jar,,AnyPoint,srv_easc_app
FACT0804,EAS1,TFS-MuleAPIs-ZuoraServices  ,Not required,Not required,,Mulesoft,https://github.tfs.toyota.com/EAS-Channel-Access-Services/TFS-MuleAPIs-ZuoraServices  .git,Jar,,Dev,BUILD_DEPLOY,https://artifactory.tfs.toyota.com/artifactory/easc-maven-prod-local/artifacts/.jar,,AnyPoint,srv_easc_app
FACT0804,EAS1,TFS_Mule_APIs_Workday-Services  ,Not required,Not required,,Mulesoft,https://github.tfs.toyota.com/EAS-Channel-Access-Services/TFS_Mule_APIs_Workday-Services  .git,Jar,,Dev,BUILD_DEPLOY,https://artifactory.tfs.toyota.com/artifactory/easc-maven-prod-local/artifacts/.jar,,AnyPoint,srv_easc_app
FACT0804,EAS1,TFS_MuleAPIs_Master-Data-Services  ,Not required,Not required,,Mulesoft,https://github.tfs.toyota.com/EAS-Channel-Access-Services/TFS_MuleAPIs_Master-Data-Services  .git,Jar,,Dev,BUILD_DEPLOY,https://artifactory.tfs.toyota.com/artifactory/easc-maven-prod-local/artifacts/.jar,,AnyPoint,srv_easc_app
FACT0804,EAS1,TFS_MuleAPIs_ODS_PaymentTransactions-proxy  ,Not required,Not required,,Mulesoft,https://github.tfs.toyota.com/EAS-Channel-Access-Services/TFS_MuleAPIs_ODS_PaymentTransactions-proxy  .git,Jar,,Dev,BUILD_DEPLOY,https://artifactory.tfs.toyota.com/artifactory/easc-maven-prod-local/artifacts/.jar,,AnyPoint,srv_easc_app
FACT0804,EAS1,TFSMuleAPIs-Customer-FinanceServices-1-Prxy  ,Not required,Not required,,Mulesoft,https://github.tfs.toyota.com/EAS-Channel-Access-Services/TFSMuleAPIs-Customer-FinanceServices-1-Prxy  .git,Jar,,Dev,BUILD_DEPLOY,https://artifactory.tfs.toyota.com/artifactory/easc-maven-prod-local/artifacts/1-prxy.jar,,AnyPoint,srv_easc_app
